"Internal Reference","Korporat Code","Name","Last Updated on","General State","Copackaging Routing Type/Display Name","MPS Lead Time","Ppc State"
"LAR-ATGPUS-BULK","LAR-ATGPUS-BULK","ATG Pustreite Bulk","2022-06-05 05:37:01","Confirmed","","5","Confirmed"
"BOTP-CCA10150-IX","BOTP-CCA10150-IX","BOTP Caractere Color Activate 10Vol 150 IX","2022-06-05 11:47:40","Confirmed","","5","Confirmed"
"BOTP-CCA20150-IX","BOTP-CCA20150-IX","BOTP Caractere Color Activate 20Vol 150 IX","2022-06-05 11:47:51","Confirmed","","5","Confirmed"
"BOTP-CCA30150-IX","BOTP-CCA30150-IX","BOTP Caractere Color Activate 30Vol 150 IX","2022-06-05 11:48:02","Confirmed","","5","Confirmed"
"BOTP-CCA40150-IX","BOTP-CCA40150-IX","BOTP Caractere Color Activate 40Vol 150 IX","2022-06-05 11:48:11","Confirmed","","5","Confirmed"
"BOTP-ERBSAS30-T","BOTP-ERBSAS30-T","BOTP Encapsulated Retinol BSAS 30 T","2022-06-30 08:55:00","Confirmed","","3","Confirmed"
"BOTP-NZASS30-T","BOTP-NZASS30-T","BOTP Niacinamide ZASS 30 T","2022-06-17 09:21:58","Confirmed","","3","Confirmed"
"BOTP-PBSCMBS30-T","BOTP-PBSCMBS30-T","BOTP PB Squalane + Ceramide MBS 30 T","2022-07-07 12:10:30","Confirmed","","3","Confirmed"
"BOTP-NLREV2450-P","BOTP-NLREV2450-P","BOTP Putri PRO Netlot 450 R2","2021-12-02 03:22:05","Waiting for Approval","","0","Draft"
"BOTP-SL200R2-P","BOTP-SL200R2-P","BOTP Putri Setting Lotion 200 R2","2022-06-30 08:55:25","Confirmed","","3","Confirmed"
"BOTP-HSNANB200R2-P","BOTP-HSNANB200R2-P","BOTP Putri Style HSB 200 R2","2022-06-30 08:55:36","Confirmed","","3","Confirmed"
"BOTP-HSNANB450R2-P","BOTP-HSNANB450R2-P","BOTP Putri Style HSB 450 R2","2022-06-30 08:55:47","Confirmed","","3","Confirmed"
"BOTP-HSNASH200R2-P","BOTP-HSNASH200R2-P","BOTP Putri Style HSH 200 R2","2022-06-30 08:55:57","Confirmed","","3","Confirmed"
"BOTP-HSNASH450R2-P","BOTP-HSNASH450R2-P","BOTP Putri Style HSH 450 R2","2022-06-30 08:56:08","Confirmed","","3","Confirmed"
"BOTS-SCMWR0-W","BOTS-SCMWR0-W","BOTS Seaweed Cleansing Micellar Water W","2022-06-05 11:49:35","Confirmed","","5","Confirmed"
"BASE-PC-BULK","BASE-PC-BULK","Base Perfect Cover Two Way Cake","2022-06-05 11:56:14","Confirmed","","5","Confirmed"
"BASE-PMPF-BULK","BASE-PMPF-BULK","Base Powerstay Matte Powder Foundation","2022-06-05 11:56:41","Confirmed","","3","Confirmed"
"BASE-R3L-BULK","BASE-R3L-BULK","Base Wardah Lightening Matte Powder","2022-06-05 11:56:50","Confirmed","","5","Confirmed"
"BASE-R3LLF-BULK","BASE-R3LLF-BULK","Base Wardah Lightening Powder Foundation Light Feel","2022-06-05 11:57:01","Confirmed","","5","Confirmed"
"BOTP-SSNC360-IX","BOTP-SSNC360-IX","Botol Print BOTP SS Neutralizer Cream 360 IX","2022-06-05 12:48:45","Confirmed","","5","Confirmed"
"BOTP-PBCAC240-IX","BOTP-PBCAC240-IX","Botol Print Beauty Curl Addict Conditioner 240 ml IX","2022-06-05 12:48:55","Confirmed","","5","Confirmed"
"BOTP-PBCAC750-IX","BOTP-PBCAC750-IX","Botol Print Beauty Curl Addict Conditioner 750 ml IX","2022-06-05 12:49:06","Confirmed","","5","Confirmed"
"BOTP-PBCACS240-IX","BOTP-PBCACS240-IX","Botol Print Beauty Curl Addict Conditioning Spray 240 ml IX","2022-06-05 12:49:16","Confirmed","","5","Confirmed"
"BOTP-PBCAS240-IX","BOTP-PBCAS240-IX","Botol Print Beauty Curl Addict Shampoo 240 ml IX","2022-06-05 12:49:27","Confirmed","","5","Confirmed"
"BOTP-MKMN_L100-P","BOTP-MKMN_L100-P","Botol Print Candlenut Oil Putri 100 ML","2022-06-05 12:49:37","Confirmed","","5","Confirmed"
"BOTP-CW-P450","BOTP-CW-P450","Botol Print Cold Wave 450 ml Elm. putri","2022-06-05 12:50:22","Confirmed","","5","Confirmed"
"BOTP-CWSREV1450-P","BOTP-CWSREV1450-P","Botol Print Cold Wave Rev-1 450 ml Putri","2022-06-05 12:50:48","Confirmed","","5","Confirmed"
"BOTP-PCLBLOS240-IX","BOTP-PCLBLOS240-IX","Botol Print Colorlock Booster Leave On Spray 240 ml IX","2022-06-05 12:51:09","Confirmed","","5","Confirmed"
"BOTP-PCLBS240-IX","BOTP-PCLBS240-IX","Botol Print Colorlock Booster Shampoo 240 ml IX","2022-06-05 12:51:20","Confirmed","","5","Confirmed"
"BOTP-PDFTON240-IX","BOTP-PDFTON240-IX","Botol Print Dandruffree Tonic 240 ml IX","2022-06-05 12:51:52","Confirmed","","5","Confirmed"
"BOTP-DPP-P200","BOTP-DPP-P200","Botol Print Deep Moisturizer Platinum Putri 200 ml Elm. put","2022-06-05 12:52:01","Confirmed","","5","Confirmed"
"BOTP-GDC240-IX","BOTP-GDC240-IX","Botol Print Green Douce Conditioner 240 ml IX","2022-06-05 12:55:05","Confirmed","","5","Confirmed"
"BOTP-GDC750-IX","BOTP-GDC750-IX","Botol Print Green Douce Conditioner 750 ml IX","2022-06-05 12:55:16","Confirmed","","5","Confirmed"
"BOTP-GDS240-IX","BOTP-GDS240-IX","Botol Print Green Douce Shampoo 240 ml IX","2022-06-05 12:55:27","Confirmed","","5","Confirmed"
"BOTP-GDS750-IX","BOTP-GDS750-IX","Botol Print Green Douce Shampoo 750 ml IX","2022-06-05 12:55:37","Confirmed","","5","Confirmed"
"BOTP-HCA-P200","BOTP-HCA-P200","Botol Print Hair Conditioner Apple 200 ml Elm. putri","2022-06-05 12:55:49","Confirmed","","5","Confirmed"
"BOTP-HCF-P200","BOTP-HCF-P200","Botol Print Hair Conditioner Floral 200 ml Elm. putri","2022-06-05 12:56:33","Confirmed","","5","Confirmed"
"BOTP-HSNAHREV12-P","BOTP-HSNAHREV12-P","Botol Print Hair Spray NA Hijau Rev-1  200 ml Putri","2022-06-05 12:57:17","Confirmed","","5","Confirmed"
"BOTP-HSNAHREV14-P","BOTP-HSNAHREV14-P","Botol Print Hair Spray NA Hijau Rev-1  450 ml Putri","2022-06-05 12:57:28","Confirmed","","5","Confirmed"
"BOTP-HSNANHREV1-P","BOTP-HSNANHREV1-P","Botol Print Hair Spray NA Normal Hair Rev-1 450 ml Putri","2022-06-05 12:57:38","Confirmed","","5","Confirmed"
"BOTP-HSNANBREV1-P","BOTP-HSNANBREV1-P","Botol Print Hair Spray Normal (biru) Rev-1 200 ml Putri","2022-06-05 12:58:56","Confirmed","","5","Confirmed"
"BOTP-HTGIN450RE-P","BOTP-HTGIN450RE-P","Botol Print Hair Tonic Ginseng 450 ml rev-1 Putri","2022-06-05 13:00:17","Confirmed","","5","Confirmed"
"BOTP-HTG200N_L-P","BOTP-HTG200N_L-P","Botol Print Hair Tonic Ginseng Elm. putri 200 ml","2022-06-05 13:00:28","Confirmed","","5","Confirmed"
"BOTP-HTH-P200","BOTP-HTH-P200","Botol Print Hair Tonic Hijau 200 ml Elm. putri","2022-06-05 13:00:51","Confirmed","","5","Confirmed"
"BOTP-HTH-450","BOTP-HTH-450","Botol Print Hair Tonic Hijau 450 ml Elm. putri","2022-06-05 13:01:01","Confirmed","","5","Confirmed"
"BOTP-HTK-P200","BOTP-HTK-P200","Botol Print Hair Tonic Kuning 200 ml Elm. putri","2022-06-05 13:01:13","Confirmed","","5","Confirmed"
"BOTP-HTNKREV120-P","BOTP-HTNKREV120-P","Botol Print Hair Tonic Normal Kuning Rev-1 200 ml Putri","2022-06-05 13:02:03","Confirmed","","5","Confirmed"
"BOTP-HTNTOH200R-P","BOTP-HTNTOH200R-P","Botol Print Hair Tonic Normal To Oily  Hijau Rev-1 200 ml P","2022-06-05 13:02:13","Confirmed","","5","Confirmed"
"BOTP-HTNTOH450R-P","BOTP-HTNTOH450R-P","Botol Print Hair Tonic Normal To Oily Hijau Rev-1 450 ml Pu","2022-06-05 13:02:25","Confirmed","","5","Confirmed"
"BOTP-HTGREE200N-P","BOTP-HTGREE200N-P","Botol Print Hair Tonic Normal to Oily (Hijau) Elm.putri 200","2022-06-05 13:02:37","Confirmed","","5","Confirmed"
"BOTP-HTSLEREV14-P","BOTP-HTSLEREV14-P","Botol Print Hair Tonic SPA Lemon Rev-1 450 ml Putri","2022-06-05 13:03:43","Confirmed","","5","Confirmed"
"BOTP-HTSPAL200N-P","BOTP-HTSPAL200N-P","Botol Print Hair Tonic Spa Lavender 200 ml Elm. putri","2022-06-05 13:03:55","Confirmed","","5","Confirmed"
"BOTP-HTSPAL450N-P","BOTP-HTSPAL450N-P","Botol Print Hair Tonic Spa Lavender 450 ml Elm. putri","2022-06-05 13:04:06","Confirmed","","5","Confirmed"
"BOTP-HTSPALREV1-P","BOTP-HTSPALREV1-P","Botol Print Hair Tonic Spa Lavender Rev-1  200 ml Putri","2022-06-05 13:04:18","Confirmed","","5","Confirmed"
"BOTP-HTSL450REV-P","BOTP-HTSL450REV-P","Botol Print Hair Tonic Spa Lavender Rev-1 450ml Putri","2022-06-05 13:04:29","Confirmed","","5","Confirmed"
"BOTP-HTSPAL2REV-P","BOTP-HTSPAL2REV-P","Botol Print Hair Tonic Spa Lemon Rev-1 200 ml Putri","2022-06-05 13:05:01","Confirmed","","5","Confirmed"
"BOTP-HTGIN200RE-P","BOTP-HTGIN200RE-P","Botol Print Hair Tonic ginseng Rev 1  200 ml Putri","2022-06-05 13:05:12","Confirmed","","5","Confirmed"
"BOTP-HTADREV120-P","BOTP-HTADREV120-P","Botol Print Hair tonic Anti Dandruf REv-1 200ml Putri","2022-06-05 13:05:24","Confirmed","","5","Confirmed"
"BOTP-HTNK450REV-P","BOTP-HTNK450REV-P","Botol Print Hair tonic normal kuning 450 ml rev-1 Putri","2022-06-05 13:05:35","Confirmed","","5","Confirmed"
"BOTP-PISC240-IX","BOTP-PISC240-IX","Botol Print Incredible Smooth Conditiner 240 ml IX","2022-06-05 13:06:21","Confirmed","","5","Confirmed"
"BOTP-PISC750-IX","BOTP-PISC750-IX","Botol Print Incredible Smooth Conditioner 750 ml IX","2022-06-05 13:06:32","Confirmed","","5","Confirmed"
"BOTP-PISCS240-IX","BOTP-PISCS240-IX","Botol Print Incredible Smooth Conditioning Spray 240 ml IX","2022-06-05 13:06:43","Confirmed","","5","Confirmed"
"BOTP-PISS240-IX","BOTP-PISS240-IX","Botol Print Incredible Smooth Sampoo 240 ml IX","2022-06-05 13:06:54","Confirmed","","5","Confirmed"
"BOTP-PISS750-IX","BOTP-PISS750-IX","Botol Print Incredible Smooth Shampoo  750 ml IX","2022-06-05 13:07:04","Confirmed","","5","Confirmed"
"BOTP-PISTS240-IX","BOTP-PISTS240-IX","Botol Print Incredible Strenght Shampoo 240 ml IX","2022-06-05 13:07:17","Confirmed","","5","Confirmed"
"BOTP-PISTT240-IX","BOTP-PISTT240-IX","Botol Print Incredible Strenght Tonic 240 ml IX","2022-06-05 13:07:29","Confirmed","","5","Confirmed"
"BOTP-MUR100-W","BOTP-MUR100-W","Botol Print Make Up Remover Wardah 100 ML","2022-06-05 13:09:24","Confirmed","","5","Confirmed"
"BOTP-NLREV1450-P","BOTP-NLREV1450-P","Botol Print Neutraliuzer Lotion Rev-1 450 ml Putri","2022-06-05 13:11:04","Confirmed","","5","Confirmed"
"BOTP-DPPN_L200-P","BOTP-DPPN_L200-P","Botol Print Platinum Deep Moisturizer Putri 200 ML","2022-06-05 13:11:40","Confirmed","","5","Confirmed"
"BOTP-PBCAS750-IX","BOTP-PBCAS750-IX","Botol Print Pro Beauty Curl Addict Shampoo 750 ml IX","2022-06-05 13:12:03","Confirmed","","5","Confirmed"
"BOTP-PCLBS750-IX","BOTP-PCLBS750-IX","Botol Print Pro Colorlock Booster Shampoo 750 ml IX","2022-06-05 13:12:26","Confirmed","","5","Confirmed"
"BOTP-PTCC750-IX","BOTP-PTCC750-IX","Botol Print Pro Timeless Care Conditioner 750 ml IX","2022-06-05 13:13:21","Confirmed","","5","Confirmed"
"BOTP-PTCS750-IX","BOTP-PTCS750-IX","Botol Print Pro Timeless Care Shampoo 750 ml IX","2022-06-05 13:13:32","Confirmed","","5","Confirmed"
"BOTP-PCHCA450RE-P","BOTP-PCHCA450RE-P","Botol Print Pure Clean Conditioner Apple 450 ml rev-1 Putri","2022-06-05 13:13:42","Confirmed","","5","Confirmed"
"BOTP-PCHCAREV12-P","BOTP-PCHCAREV12-P","Botol Print Pure Clean Conditioner Apple Rev-1 Putri 200 ML","2022-06-05 13:13:53","Confirmed","","5","Confirmed"
"BOTP-PCHCFREV14-P","BOTP-PCHCFREV14-P","Botol Print Pure Clean Hair Conditioner Floral 450 ml Rev-1","2022-06-05 13:14:05","Confirmed","","5","Confirmed"
"BOTP-PCHCFREV12-P","BOTP-PCHCFREV12-P","Botol Print Pure Clean Hair Conditioner Floral Rev-1 Putri","2022-06-05 13:14:16","Confirmed","","5","Confirmed"
"BOTP-PCSSLR1200-P","BOTP-PCSSLR1200-P","Botol Print Pure Clean Sh SPA Lavender Rev-1 200 ml Putri","2022-06-05 13:14:26","Confirmed","","5","Confirmed"
"BOTP-PCSHA450RE-P","BOTP-PCSHA450RE-P","Botol Print Pure Clean Shampoo Apple 450 ml rev-1 Putri","2022-06-05 13:14:38","Confirmed","","5","Confirmed"
"BOTP-PCSHAREV12-P","BOTP-PCSHAREV12-P","Botol Print Pure Clean Shampoo Apple Rev-1 200 ml Putri","2022-06-05 13:14:48","Confirmed","","5","Confirmed"
"BOTP-PCSHLE450R-P","BOTP-PCSHLE450R-P","Botol Print Pure Clean Shampoo Lemon 450 ml Rev-1 Putri","2022-06-05 13:14:59","Confirmed","","5","Confirmed"
"BOTP-SSPALEREV1-P","BOTP-SSPALEREV1-P","Botol Print Pure clean Shampo SPA Lemon Rev-1 200 ml Putri","2022-06-05 13:15:10","Confirmed","","5","Confirmed"
"BOTP-PCSHLEREV1-P","BOTP-PCSHLEREV1-P","Botol Print Pure clean Shampoo Lemon Rev-1  200 ml Putri","2022-06-05 13:15:21","Confirmed","","5","Confirmed"
"BOTP-PCSSLREV14-P","BOTP-PCSSLREV14-P","Botol Print Pure clean shampo spa lemon  Rev-1 450ml Putri","2022-06-05 13:15:32","Confirmed","","5","Confirmed"
"BOTP-SEC240-IX","BOTP-SEC240-IX","Botol Print SPA Eaux-prience Conditioner 240 ml IX","2022-06-05 13:15:43","Confirmed","","5","Confirmed"
"BOTP-SES240-IX","BOTP-SES240-IX","Botol Print SPA Eaux-prience Shampoo  240 ml IX","2022-06-05 13:16:05","Confirmed","","5","Confirmed"
"BOTP-SES750-IX","BOTP-SES750-IX","Botol Print SPA Eaux-prience Shampoo  750 ml IX","2022-06-05 13:16:17","Confirmed","","5","Confirmed"
"BOTP-SL200N_L-P","BOTP-SL200N_L-P","Botol Print Setting Lotion 200 ml Putri","2022-06-05 13:16:43","Confirmed","","5","Confirmed"
"BOTP-SLREV1200-P","BOTP-SLREV1200-P","Botol Print Setting Lotion Rev-1  200 ml Putri","2022-06-05 13:17:04","Confirmed","","5","Confirmed"
"BOTP-SC-P450","BOTP-SC-P450","Botol Print Settress Concentrate 450 ML Elm. putri","2022-06-05 13:17:16","Confirmed","","5","Confirmed"
"BOTP-SA2-P450","BOTP-SA2-P450","Botol Print Shampoo Apple 450 ml Elm. putri","2022-06-05 13:18:02","Confirmed","","5","Confirmed"
"BOTP-SGIN-P200","BOTP-SGIN-P200","Botol Print Shampoo Ginseng 200 ml Elm. putri","2022-06-05 13:18:59","Confirmed","","5","Confirmed"
"BOTP-SG200N_L-P","BOTP-SG200N_L-P","Botol Print Shampoo Ginseng 200 ml Putri","2022-06-05 13:19:10","Confirmed","","5","Confirmed"
"BOTP-SGIN200REV-P","BOTP-SGIN200REV-P","Botol Print Shampoo Ginseng Rev-1 200 ml Putri","2022-06-05 13:19:20","Confirmed","","5","Confirmed"
"BOTP-SHER-P200","BOTP-SHER-P200","Botol Print Shampoo Herbal 200 ML Elm. putri","2022-06-05 13:19:33","Confirmed","","5","Confirmed"
"BOTP-PCSSLR1450-P","BOTP-PCSSLR1450-P","Botol Print Shampoo Lavender 450 ml Rev-1 Putri","2022-06-05 13:19:57","Confirmed","","5","Confirmed"
"BOTP-SSPAELK-P200","BOTP-SSPAELK-P200","Botol Print Shampoo SPA Energizing Lemon Kuning Putri 200 m","2022-06-05 13:21:28","Confirmed","","5","Confirmed"
"BOTP-SSPAL2450N-P","BOTP-SSPAL2450N-P","Botol Print Shampoo Spa Lemon Putri 450 ml","2022-06-05 13:22:29","Confirmed","","5","Confirmed"
"BOTP-SSPARLAV-P200D","BOTP-SSPARLAV-P200D","Botol Print Shampoo Spa Relaxing Lavender Ungu Putri 200 ml","2022-06-05 13:22:42","Confirmed","","5","Confirmed"
"BOTP-SGLREV1200-P","BOTP-SGLREV1200-P","Botol Print Styling Glaze Rev-1  200 ml Putri","2022-06-05 13:23:29","Confirmed","","5","Confirmed"
"BOTP-PTCC240-IX","BOTP-PTCC240-IX","Botol Print Timeless Care Conditioner 240 ml IX","2022-06-05 13:23:54","Confirmed","","5","Confirmed"
"BOTP-PTCRS240-IX","BOTP-PTCRS240-IX","Botol Print Timeless Care Rescue Spray 240 ml IX","2022-06-05 13:24:04","Confirmed","","5","Confirmed"
"BOTP-PTCS240-IX","BOTP-PTCS240-IX","Botol Print Timeless care shampoo 240 ml IX","2022-06-05 13:24:16","Confirmed","","5","Confirmed"
"BOTP-HTSL200REV-P","BOTP-HTSL200REV-P","Botol Printing Hair Tonic Spa Lavender 200 ml Rev- Putri (Pc(s))","2022-06-05 13:27:21","Confirmed","","5","Confirmed"
"BOTP-HT-W200","BOTP-HT-W200","Botol Printing Hair Tonic Wardah 200 ml (Pc(s))","2022-06-05 13:27:31","Confirmed","","5","Confirmed"
"BOTP-PSFSCMBS30-T","BOTP-PSFSCMBS30-T","Botol Printing PS Final Squalane Ceramide Moisture Boost Serum 30 T","2022-06-30 08:56:23","Confirmed","","3","Confirmed"
"BOTP-PCSHL450RE-P","BOTP-PCSHL450RE-P","Botol Printing Pure Clean Shampoo Lemon 450 ml Rev Putri (Pc(s))","2022-06-05 13:28:33","Confirmed","","5","Confirmed"
"BOTP-PCSHSPALER-P","BOTP-PCSHSPALER-P","Botol Printing Pure Clean Shampoo SPA Lemon Rev-1 Putri (Pc(s))","2022-06-05 13:28:37","Confirmed","","5","Confirmed"
"BOTS-ABHS30-K","BOTS-ABHS30-K","Botol Sticker ABH Serum 30 K","2022-06-05 13:31:20","Confirmed","","3","Confirmed"
"BOTS-APRT100-W","BOTS-APRT100-W","Botol Sticker Acnederm Pore Refining Toner 100 W (Pc(s))","2022-06-05 13:31:28","Confirmed","","5","Confirmed"
"BOTS-AVFMR0-E","BOTS-AVFMR0-E","Botol Sticker Aloe Vera Face Mist 60 E","2022-06-05 13:31:32","Confirmed","","3","Confirmed"
"BOTS-AHG50R1-E","BOTS-AHG50R1-E","Botol Sticker Aloe Vera Hand Gel 50 R1 E","2022-06-05 13:31:40","Confirmed","","5","Confirmed"
"BOTS-AHG60R0-E","BOTS-AHG60R0-E","Botol Sticker Aloe Vera Hand Gel 60 E","2022-06-05 13:31:46","Confirmed","","5","Confirmed"
"BOTS-APD60NP-W","BOTS-APD60NP-W","Botol Sticker Anti Perspirant Deodorant Non Parfum Wardah 6","2022-06-05 13:31:48","Confirmed","","5","Confirmed"
"BOTS-BSFT100-E","BOTS-BSFT100-E","Botol Sticker BS Face Toner 100 E","2022-06-05 13:31:57","Confirmed","","3","Confirmed"
"BOTS-BMIS80-EM","BOTS-BMIS80-EM","Botol Sticker Body Mist Indian Summer 80 ml Emina (Pc(s))","2022-06-05 13:32:25","Confirmed","","5","Confirmed"
"BOTS-BMOM80-EM","BOTS-BMOM80-EM","Botol Sticker Body Mist Ocean Mist 80 ml Emina (Pc(s))","2022-06-05 13:32:33","Confirmed","","5","Confirmed"
"BOTS-BMPD80-EM","BOTS-BMPD80-EM","Botol Sticker Body Mist Pixie Dust 80 ml Emina (Pc(s))","2022-06-05 13:32:37","Confirmed","","5","Confirmed"
"BOTS-BMRF80-EM","BOTS-BMRF80-EM","Botol Sticker Body Mist Rain Forest 80 ml Emina (Pc(s))","2022-06-05 13:32:40","Confirmed","","5","Confirmed"
"BOTS-CMCL50R0-EM","BOTS-CMCL50R0-EM","Botol Sticker Creamy Milk Cleansing Lotion 50 E (Pc(s))","2022-06-05 13:33:30","Confirmed","","5","Confirmed"
"BOTS-DTMFT50R0-EM","BOTS-DTMFT50R0-EM","Botol Sticker Double The Moist Face Toner 50 E (Pc(s","2022-06-05 13:33:42","Confirmed","","5","Confirmed"
"BOTS-ELFNW40-W","BOTS-ELFNW40-W","Botol Sticker Everyday Lum. Liq. Found 01 Natural White 40","2022-06-05 13:33:46","Confirmed","","5","Confirmed"
"BOTS-ELFLB40-W","BOTS-ELFLB40-W","Botol Sticker Everyday Lum. Liq. Found 02 Light Beige 40 ml","2022-06-05 13:33:48","Confirmed","","5","Confirmed"
"BOTS-ELFB40-W","BOTS-ELFB40-W","Botol Sticker Everyday Lum. Liq. Found 03 Beige 40 ml Warda","2022-06-05 13:33:53","Confirmed","","5","Confirmed"
"BOTS-EEMASREM50-W","BOTS-EEMASREM50-W","Botol Sticker Eyexpert Mascara Remover 50 ml Wardah Pc(s) (","2022-06-05 13:34:01","Confirmed","","5","Confirmed"
"BOTS-LFNW40NL-W","BOTS-LFNW40NL-W","Botol Sticker Luminous Foundation Natural White Wardah 40","2022-06-05 13:34:35","Confirmed","","5","Confirmed"
"BOTS-MURDLIS50R1-EM","BOTS-MURDLIS50R1-EM","Botol Sticker MUR Dirt Less R1 EM","2022-06-05 13:34:40","Confirmed","","3","Confirmed"
"BOTS-MUR100R0-MO","BOTS-MUR100R0-MO","Botol Sticker Make Up Remover 100 MO Pc(s)","2022-06-05 13:34:44","Confirmed","","5","Confirmed"
"BOTS-MURDLIS50-EM","BOTS-MURDLIS50-EM","Botol Sticker Make Up Remover Disrt less In Sight Emina (Pc","2022-06-05 13:34:47","Confirmed","","5","Confirmed"
"BOTS-MIW185-MO","BOTS-MIW185-MO","Botol Sticker Micellar Water 185 ml Make Over (Pc(s))","2022-06-05 13:34:51","Confirmed","","5","Confirmed"
"BOTS-MWDCBS100-EM","BOTS-MWDCBS100-EM","Botol Sticker Micellar Water DC - Brigh Stuff 100 E (Pc(s))","2022-06-05 13:34:54","Confirmed","","5","Confirmed"
"BOTS-MIWDC100-EM","BOTS-MIWDC100-EM","Botol Sticker Micellar Water Drop Cleanser 100 ml Emina (Pc","2022-06-05 13:34:58","Confirmed","","5","Confirmed"
"BOTS-MIAB50R0-EM","BOTS-MIAB50R0-EM","Botol Sticker Moist In A Bottle 50 E (Pc(s))","2022-06-05 13:35:06","Confirmed","","5","Confirmed"
"BOTS-MPASFT50-EM","BOTS-MPASFT50-EM","Botol Sticker Ms. Pimple Acne Solution Face Toner 50 E","2022-06-05 13:35:10","Confirmed","","5","Confirmed"
"BOTS-NBHO30-K","BOTS-NBHO30-K","Botol Sticker NBH Oil 30 K","2022-06-05 13:35:16","Confirmed","","3","Confirmed"
"BOTS-SCMW100R0-W","BOTS-SCMW100R0-W","Botol Sticker ND SC Micellar Water 100 W","2022-06-05 13:35:19","Confirmed","","5","Confirmed"
"BOTS-AHHG100CJP-W","BOTS-AHHG100CJP-W","Botol Sticker Nature Daily Aloe Hydramild Hand Gel 100 CJ Pack W","2022-06-05 13:35:25","Confirmed","","5","Confirmed"
"BOTS-AHHG100R1-W","BOTS-AHHG100R1-W","Botol Sticker Nature Daily Aloe Hydramild Hand Gel 100 R1 W","2022-06-05 13:35:31","Confirmed","","5","Confirmed"
"BOTS-AHHG100-W","BOTS-AHHG100-W","Botol Sticker Nature Daily Aloe Hydramild Hand Gel 100 W","2022-06-05 13:35:37","Confirmed","","5","Confirmed"
"BOTS-AHHG240R0-W","BOTS-AHHG240R0-W","Botol Sticker Nature Daily Aloe Hydramild Hand Gel 240 W","2022-06-05 13:35:43","Confirmed","","5","Confirmed"
"BOTS-PLGMR0-MO","BOTS-PLGMR0-MO","Botol Sticker Powerskin Liquid Glow Moisturizer MO (Pc(s))","2022-06-05 13:36:04","Confirmed","","5","Confirmed"
"BOTS-PRTM10-MO","BOTS-PRTM10-MO","Botol Sticker Powerskin Radiant Tinted Moisturizer 10 Light Make Over (Pc(s))","2022-06-05 13:36:10","Confirmed","","5","Confirmed"
"BOTS-PRTM40R0-MO","BOTS-PRTM40R0-MO","Botol Sticker Powerskin Radiant Tinted Moisturizer 40 ml MO","2022-06-05 13:36:41","Confirmed","","5","Confirmed"
"BOTS-PWCM42R0-MO","BOTS-PWCM42R0-MO","Botol Sticker Powerskin Water Charge Moisturizer 42 MO","2022-06-05 13:36:49","Confirmed","","5","Confirmed"
"BOTS-PWCM42R1-MO","BOTS-PWCM42R1-MO","Botol Sticker Powerskin Water Charge Moisturizer 42 R1 MO","2022-06-05 13:36:58","Confirmed","","5","Confirmed"
"BOTS-ROFOHE60-W","BOTS-ROFOHE60-W","Botol Sticker Roll On For Her Wardah 60 ML","2022-06-05 13:37:18","Confirmed","","5","Confirmed"
"BOTS-ROFOHI60-W","BOTS-ROFOHI60-W","Botol Sticker Roll On For Him Wardah 60 ML","2022-06-05 13:37:29","Confirmed","","5","Confirmed"
"BOTS-SBLE200-W","BOTS-SBLE200-W","Botol Sticker Scentation Body Lotion Eternal 200 ml Wardah","2022-06-05 13:37:41","Confirmed","","5","Confirmed"
"BOTS-SBLI200-X","BOTS-SBLI200-X","Botol Sticker Scentation Body Lotion Innocence 200 ml Warda","2022-06-05 13:37:51","Confirmed","","5","Confirmed"
"BOTS-SBLS200-W","BOTS-SBLS200-W","Botol Sticker Scentation Body Lotion Shine 200 ml Wardah","2022-06-05 13:38:02","Confirmed","","5","Confirmed"
"BOTS-SCBMB100-W","BOTS-SCBMB100-W","Botol Sticker Scentation Body Mist Bliss 100 ml Wardah (Pc(","2022-06-05 13:38:14","Confirmed","","5","Confirmed"
"BOTS-SCBMJF100-W","BOTS-SCBMJF100-W","Botol Sticker Scentation Body Mist Joyful 100 ml Wardah (Pc","2022-06-05 13:38:26","Confirmed","","5","Confirmed"
"BOTS-SCBMPC100-W","BOTS-SCBMPC100-W","Botol Sticker Scentation Body Mist Peaceful 100 ml Wardah (","2022-06-05 13:38:48","Confirmed","","5","Confirmed"
"BOTS-SCBMPR100-W","BOTS-SCBMPR100-W","Botol Sticker Scentation Body Mist Purity 100 ml Wardah (Pc","2022-06-05 13:38:59","Confirmed","","5","Confirmed"
"BOTS-SBLF200-W","BOTS-SBLF200-W","Botol Sticker Scentation body Lotion Flame 200 ml Wardah","2022-06-05 13:39:11","Confirmed","","5","Confirmed"
"BOTS-SBLSR200-W","BOTS-SBLSR200-W","Botol Sticker Scentation body Lotion Sparks 200 ml Wardah","2022-06-05 13:39:23","Confirmed","","5","Confirmed"
"BOTS-TBSFT50R0-EM","BOTS-TBSFT50R0-EM","Botol Sticker The Bright Stuff Facer Toner 50 E Pc(s)","2022-06-05 13:41:18","Confirmed","","5","Confirmed"
"BOTS-TLOC60R0-EM","BOTS-TLOC60R0-EM","Botol Sticker Traceless Oil Cleanser 60 E (Pc(s))","2022-06-05 13:41:31","Confirmed","","5","Confirmed"
"BOTS-WPFT50R0-EM","BOTS-WPFT50R0-EM","Botol Sticker Witch Power Face Toner 50 E Pc(s) ()","2022-06-05 13:41:55","Confirmed","","5","Confirmed"
"BOTO-SBMIS10R0-EM","BOTO-SBMIS10R0-EM","Botol+Shrink Body Mist Indian Summer 10 E (Pc(s))","2022-06-05 13:43:50","Confirmed","","5","Confirmed"
"BOTO-SBMOM10R0-EM","BOTO-SBMOM10R0-EM","Botol+Shrink Body Mist Ocean Mist 10 E (Pc(s))","2022-06-05 13:44:03","Confirmed","","5","Confirmed"
"BOTO-SBMPD10R0-EM","BOTO-SBMPD10R0-EM","Botol+Shrink Body Mist Pixie Dust 10 E (Pc(s))","2022-06-05 13:44:13","Confirmed","","5","Confirmed"
"BOTO-SBMRF10R0-EM","BOTO-SBMRF10R0-EM","Botol+Shrink Body Mist Rain Forest 10 E (Pc(s))","2022-06-05 13:44:25","Confirmed","","5","Confirmed"
"BOTO-SBSLPR2-E","BOTO-SBSLPR2-E","Botol+Shrink Bright Stuff Loose Powder R2 E (Pc(s)","2022-06-05 13:44:48","Confirmed","","5","Confirmed"
"BOTO-SBSLPR3-E","BOTO-SBSLPR3-E","Botol+Shrink Bright Stuff Loose Powder R3 E","2022-06-05 13:44:59","Confirmed","","1","Confirmed"
"BOTO-SBSLPR4-E","BOTO-SBSLPR4-E","Botol+Shrink Bright Stuff Loose Powder REV-4 Emina.HDPE-LDPE.NoFinishing","2022-06-05 13:45:11","Confirmed","","2","Confirmed"
"BOTP-CVMPB01R0-W","BOTP-CVMPB01R0-W","Bottle CVM Lip Mousse Printed Barmark 01 W","2022-06-05 13:55:07","Confirmed","","5","Confirmed"
"BOTP-CVMPB02R0-W","BOTP-CVMPB02R0-W","Bottle CVM Lip Mousse Printed Barmark 02 W","2022-06-05 13:55:19","Confirmed","","5","Confirmed"
"BOTP-CVMPB03R0-W","BOTP-CVMPB03R0-W","Bottle CVM Lip Mousse Printed Barmark 03 W","2022-06-05 13:55:32","Confirmed","","5","Confirmed"
"BOTP-CVMPB04R0-W","BOTP-CVMPB04R0-W","Bottle CVM Lip Mousse Printed Barmark 04 W","2022-06-05 13:55:43","Confirmed","","5","Confirmed"
"BOTP-CVMPB05R0-W","BOTP-CVMPB05R0-W","Bottle CVM Lip Mousse Printed Barmark 05 W","2022-06-05 13:55:54","Confirmed","","5","Confirmed"
"BOTP-CVMPB06R0-W","BOTP-CVMPB06R0-W","Bottle CVM Lip Mousse Printed Barmark 06 W","2022-06-05 13:56:07","Confirmed","","5","Confirmed"
"BOTP-CVMPB07R0-W","BOTP-CVMPB07R0-W","Bottle CVM Lip Mousse Printed Barmark 07 W","2022-06-05 13:56:20","Confirmed","","5","Confirmed"
"BOTP-CVMPB08R0-W","BOTP-CVMPB08R0-W","Bottle CVM Lip Mousse Printed Barmark 08 W","2022-06-05 13:56:31","Confirmed","","5","Confirmed"
"BOTP-CVMPB09R0-W","BOTP-CVMPB09R0-W","Bottle CVM Lip Mousse Printed Barmark 09 W","2022-06-05 13:56:41","Confirmed","","5","Confirmed"
"BOTP-CVMPB10R0-W","BOTP-CVMPB10R0-W","Bottle CVM Lip Mousse Printed Barmark 10 W","2022-06-05 13:56:52","Confirmed","","5","Confirmed"
"BOTP-CVMPB11R0-W","BOTP-CVMPB11R0-W","Bottle CVM Lip Mousse Printed Barmark 11 W","2022-06-05 13:57:04","Confirmed","","5","Confirmed"
"BOTP-CVMPB12R0-W","BOTP-CVMPB12R0-W","Bottle CVM Lip Mousse Printed Barmark 12 W","2022-06-05 13:57:15","Confirmed","","5","Confirmed"
"BOTP-CVMPB13R0-W","BOTP-CVMPB13R0-W","Bottle CVM Lip Mousse Printed Barmark 13 Wardah,Penambahan Printing Barmark di PTI","2022-06-30 09:09:14","Confirmed","","3","Confirmed"
"BOTP-CVMPB14R0-W","BOTP-CVMPB14R0-W","Bottle CVM Lip Mousse Printed Barmark 14 Wardah,Penambahan Printing Barmark di PTI","2022-06-30 09:09:38","Confirmed","","3","Confirmed"
"BOTP-EMLCR0-W","BOTP-EMLCR0-W","Bottle Print Exclusive Matte Lip Cream Wardah,DigitalPrinted","2022-06-05 14:28:54","Confirmed","","20","Confirmed"
"BOTP-WIMLMPFER0-IP","BOTP-WIMLMPFER0-IP","Bottle Print Mattesetter Lip Matte Paint Festive Edition IP","2022-06-30 09:09:51","Confirmed","","3","Confirmed"
"BOTP-PTMSE10-MO","BOTP-PTMSE10-MO","Bottle Print Powerstay TMLC Nude Colors SE 10 MO","2022-06-05 14:29:15","Confirmed","","5","Confirmed"
"BOTP-PTMSE20-MO","BOTP-PTMSE20-MO","Bottle Print Powerstay TMLC Nude Colors SE 20 MO","2022-06-05 14:29:26","Confirmed","","5","Confirmed"
"BOTP-PTMSE30-MO","BOTP-PTMSE30-MO","Bottle Print Powerstay TMLC Nude Colors SE 30 MO","2022-06-05 14:29:38","Confirmed","","5","Confirmed"
"BOTP-PTMSE40-MO","BOTP-PTMSE40-MO","Bottle Print Powerstay TMLC Nude Colors SE 40 MO","2022-06-05 14:29:49","Confirmed","","5","Confirmed"
"BOTP-PTMSE50-MO","BOTP-PTMSE50-MO","Bottle Print Powerstay TMLC Nude Colors SE 50 MO","2022-06-05 14:30:01","Confirmed","","5","Confirmed"
"BOTP-PTMSE60-MO","BOTP-PTMSE60-MO","Bottle Print Powerstay TMLC Nude Colors SE 60 MO","2022-06-05 14:30:11","Confirmed","","5","Confirmed"
"BOTP-PTMLER0-MO","BOTP-PTMLER0-MO","Bottle Print Powerstay Transferproof Matte Lip Cream Limited Edition MO","2022-06-05 14:30:23","Confirmed","","20","Confirmed"
"BOTP-CADLP00AJR0-W","BOTP-CADLP00AJR0-W","Bottle Printed CAD Lip Paint 00 Alluring Jakarta W","2022-06-30 09:10:11","Confirmed","","3","Confirmed"
"BOTP-CADLP13DLR0-W","BOTP-CADLP13DLR0-W","Bottle Printed CAD Lip Paint 13 Dubai Lux W","2022-06-30 09:10:23","Confirmed","","3","Confirmed"
"BOTP-CADLP14RLR0-W","BOTP-CADLP14RLR0-W","Bottle Printed CAD Lip Paint 14 Royal London W","2022-06-30 09:10:32","Confirmed","","3","Confirmed"
"BOTP-CADLP15DNR0-W","BOTP-CADLP15DNR0-W","Bottle Printed CAD Lip Paint 15 Dazzling New York W","2022-06-30 09:10:59","Confirmed","","3","Confirmed"
"BOTP-CADLP16KLR0-W","BOTP-CADLP16KLR0-W","Bottle Printed CAD Lip Paint 16 Kuala Lumpur Joy W","2022-06-30 09:11:09","Confirmed","","3","Confirmed"
"BOTP-CADLP17TBR0-W","BOTP-CADLP17TBR0-W","Bottle Printed CAD Lip Paint 17 Tokyo Breeze W","2022-06-30 09:11:18","Confirmed","","3","Confirmed"
"BOTP-ILSLS01R0-W","BOTP-ILSLS01R0-W","Bottle Printed Instaperfect LSL 01 W","2022-06-30 08:52:01","Confirmed","","3","Confirmed"
"BOTP-ILSLS02R0-W","BOTP-ILSLS02R0-W","Bottle Printed Instaperfect LSL 02 W","2022-06-30 08:52:36","Confirmed","","3","Confirmed"
"BOTP-ILSLS03R0-W","BOTP-ILSLS03R0-W","Bottle Printed Instaperfect LSL 03 W","2022-06-30 08:53:42","Confirmed","","3","Confirmed"
"BOTP-ILSLS04R0-W","BOTP-ILSLS04R0-W","Bottle Printed Instaperfect LSL 04 W","2022-06-30 08:53:54","Confirmed","","3","Confirmed"
"BOTP-ILSLS05R0-W","BOTP-ILSLS05R0-W","Bottle Printed Instaperfect LSL 05 W","2022-06-30 08:54:17","Confirmed","","3","Confirmed"
"BOTP-ILSLS06R0-W","BOTP-ILSLS06R0-W","Bottle Printed Instaperfect LSL 06 W","2022-06-30 08:54:35","Confirmed","","3","Confirmed"
"BOTP-WEIMLR0-IP","BOTP-WEIMLR0-IP","Bottle Printing + Wiper EIM Liquid Instaperfect,3 Pass Digital Printed","2022-07-01 02:14:58","Confirmed","","0","Draft"
"BOTP-MLMPR0-IP","BOTP-MLMPR0-IP","Bottle Printing Mattesetter Lip Matte Paint Instaperfect,3 Pass Digital Printed","2022-07-01 02:14:43","Confirmed","","0","Draft"
"BOTP-WIEIM09R0-W","BOTP-WIEIM09R0-W","Bottle+Wiper Instaperfect EIM 09 Que Sera Sera W","2022-06-05 14:38:39","Confirmed","","5","Confirmed"
"BOTP-WIEIM10R0-W","BOTP-WIEIM10R0-W","Bottle+Wiper Instaperfect EIM 10 La Vie En Rose W","2022-06-05 14:38:51","Confirmed","","5","Confirmed"
"BOTP-WIEIM11R0-W","BOTP-WIEIM11R0-W","Bottle+Wiper Instaperfect EIM 11 Joie De Vivre W","2022-06-05 14:39:03","Confirmed","","5","Confirmed"
"BOTP-WIEIM12R0-W","BOTP-WIEIM12R0-W","Bottle+Wiper Instaperfect EIM 12 Veni Vidi Amavi W","2022-06-05 14:39:13","Confirmed","","5","Confirmed"
"LAR-SF30-BULK","LAR-SF30-BULK","Bulk Larutan Soda Flake 30 %","2022-06-05 14:57:39","Confirmed","","5","Confirmed"
"WARN-B-BULK","WARN-B-BULK","Bulk Warna Biru","2022-06-05 15:00:54","Confirmed","","5","Confirmed"
"CAPS-CBBMP50R1-W","CAPS-CBBMP50R1-W","Cap Capsticker CBB Milk & Pearl 50 ml R1 Wardah","2022-06-05 15:20:34","Confirmed","","5","Confirmed"
"CAPS-CBBPF50R1-W","CAPS-CBBPF50R1-W","Cap Capsticker CBB Passion Fruit 50 ml R1 Wardah","2022-06-05 15:20:42","Confirmed","","5","Confirmed"
"CAPS-CBBR50R1-W","CAPS-CBBR50R1-W","Cap Capsticker CBB Rose 50 ml R1 Wardah","2022-06-05 15:20:48","Confirmed","","5","Confirmed"
"CAPS-CBBS50R1-W","CAPS-CBBS50R1-W","Cap Capsticker CBB Strawberry 50 ml R1 Wardah","2022-06-05 15:20:51","Confirmed","","5","Confirmed"
"CAPS-CBGSPAREV1-P","CAPS-CBGSPAREV1-P","Cap Creambath Botanical Garden SPA Rev-1 Putri","2022-06-05 15:27:40","Confirmed","","5","Confirmed"
"CAPS-CSPALREV12-P","CAPS-CSPALREV12-P","Cap Creambath SPA Lavender 240 ml Rev-1 Putri","2022-06-05 15:27:44","Confirmed","","5","Confirmed"
"CAPS-CBBWLG150-W","CAPS-CBBWLG150-W","Cap Creamy Body Butter Lavender & Ginger 150 ml Wardah","2022-06-05 15:27:49","Confirmed","","5","Confirmed"
"CAPS-CBBWM&P150-W","CAPS-CBBWM&P150-W","Cap Creamy Body Butter Milk & Pearl 150ml Wardah","2022-06-05 15:27:54","Confirmed","","5","Confirmed"
"CAPS-CBBWST150-W","CAPS-CBBWST150-W","Cap Creamy Body Butter strawberry 150 ml Wardah","2022-06-05 15:27:57","Confirmed","","5","Confirmed"
"CAPS-CBBST150-W","CAPS-CBBST150-W","Cap Creamy Body Butter strawberry 150 ml Wardah","2022-06-05 15:28:03","Confirmed","","5","Confirmed"
"CAPS-CBBWO150-W","CAPS-CBBWO150-W","Cap Creamy Body Butter with Olive 150 ml Wardah ","2022-06-05 15:28:08","Confirmed","","5","Confirmed"
"CAPS-CBBWPF150-W","CAPS-CBBWPF150-W","Cap Creamy Body Butter with Passion Fruit 150ml Wardah","2022-06-05 15:28:13","Confirmed","","5","Confirmed"
"CAPS-CBBWR150-W","CAPS-CBBWR150-W","Cap Creamy Body Butter with Rose 150 ml Wardah","2022-06-05 15:28:18","Confirmed","","5","Confirmed"
"CAPS-CBBL&G50WR-W","CAPS-CBBL&G50WR-W","Cap Creamy body butter Lavender & Ginger 50 ml Wardah","2022-06-05 15:28:30","Confirmed","","5","Confirmed"
"CAPS-CBBMP50-W","CAPS-CBBMP50-W","Cap Creamy body butter Milk & Pearl 50 ml Wardah","2022-06-05 15:28:40","Confirmed","","5","Confirmed"
"CAPS-CBBO50-W","CAPS-CBBO50-W","Cap Creamy body butter Olive 50 ml Wardah","2022-06-05 15:28:45","Confirmed","","5","Confirmed"
"CAPS-CBBR50WRP-W","CAPS-CBBR50WRP-W","Cap Creamy body butter Rose 50 ml Wardah","2022-06-05 15:28:58","Confirmed","","5","Confirmed"
"CAPS-CBBPF50WRP-W","CAPS-CBBPF50WRP-W","Cap Creamy body butter passion fruit 50 ml Wardah","2022-06-05 15:29:10","Confirmed","","5","Confirmed"
"CAPS-CBBR100-W","CAPS-CBBR100-W","Cap Creamy body butter rose 100 ml Wardah","2022-06-05 15:29:14","Confirmed","","5","Confirmed"
"CAPS-CBBS100-W","CAPS-CBBS100-W","Cap Creamy body butter strawberry 100 ml Wardah","2022-06-05 15:29:20","Confirmed","","5","Confirmed"
"CAPS-CBBO100-W","CAPS-CBBO100-W","Cap Creamy body butter with olive 100 ml Wardah","2022-06-05 15:29:24","Confirmed","","5","Confirmed"
"CAPS-HMSPAREV12-P","CAPS-HMSPAREV12-P","Cap Hair Mask SPA 240 ml Rev-1 Putri","2022-06-05 15:30:52","Confirmed","","5","Confirmed"
"CAPS-OBS240REV1-P","CAPS-OBS240REV1-P","Cap Olive Body Scrub 240 ml Rev-1 Putri","2022-06-05 15:33:41","Confirmed","","5","Confirmed"
"CAPR-PTC-IX","CAPR-PTC-IX","Cap Passiontaste Treatment Creme IX","2022-06-05 15:33:55","Confirmed","","5","Confirmed"
"CAPS-SSWFP150-W","CAPS-SSWFP150-W","Cap Soft Body Scrub With Passion Fruit 150 ml Wardah","2022-06-05 15:41:32","Confirmed","","5","Confirmed"
"CAPS-SSWST150-W","CAPS-SSWST150-W","Cap Soft Scrub Strawberry 150 ml Wardah","2022-06-05 15:41:37","Confirmed","","5","Confirmed"
"CAPS-SSWO150-W","CAPS-SSWO150-W","Cap Soft Scrub With Olive 150 ml Wardah","2022-06-05 15:41:42","Confirmed","","5","Confirmed"
"CAPS-SSWO24-W","CAPS-SSWO24-W","Cap Soft Scrub With Olive 240 ml Wardah","2022-06-05 15:41:45","Confirmed","","5","Confirmed"
"CAPS-TCBBWSTWRP-W","CAPS-TCBBWSTWRP-W","Cap Tester Strawberry body butter 50 ml Wardah","2022-06-05 15:42:10","Confirmed","","5","Confirmed"
"CAPS-BSCP100R0-EM","CAPS-BSCP100R0-EM","Cap sticker Body Scrub Pineapple 100 E (Pc(s))","2022-06-05 15:44:16","Confirmed","","5","Confirmed"
"CAPS-BSK100-EM","CAPS-BSK100-EM","Capsticker Body Scrub Kiwi 100 ml Emina (Pc(s))","2022-06-05 15:47:36","Confirmed","","5","Confirmed"
"CAPS-BSCW100R0-EM","CAPS-BSCW100R0-EM","Capsticker Body Scrub Watermelon 100 E (Pcs)","2022-06-05 15:47:40","Confirmed","","5","Confirmed"
"CAPS-CBAV240R0-P","CAPS-CBAV240R0-P","Capsticker Creambath Aloe Vera 240 P (Pc(s))","2022-06-05 15:47:47","Confirmed","","5","Confirmed"
"CAPS-CBRSPA240-P","CAPS-CBRSPA240-P","Capsticker Creambath Rich SPA 240 ml Putri (Pc(s))","2022-06-05 15:47:58","Confirmed","","5","Confirmed"
"WARN-CBBLKAIO-BULK","WARN-CBBLKAIO-BULK","Color Base Black A-IO","2022-06-05 15:58:45","Confirmed","","5","Confirmed"
"WARN-CBC19011-BULK","WARN-CBC19011-BULK","Color Base C19-011","2022-06-05 15:58:51","Confirmed","","5","Confirmed"
"WARN-CBC19012-BULK","WARN-CBC19012-BULK","Color Base C19-012","2022-06-05 15:58:56","Confirmed","","5","Confirmed"
"WARN-CBC196619-BULK","WARN-CBC196619-BULK","Color Base C19-6619","2022-06-05 15:59:01","Confirmed","","5","Confirmed"
"WARN-CB335138A-BULK","WARN-CB335138A-BULK","Color Base C33-5138 (No stabilizer) bulk","2022-06-05 15:59:11","Confirmed","","5","Confirmed"
"WARN-CB338073-BULK","WARN-CB338073-BULK","Color Base C33-8073","2022-06-05 15:59:16","Confirmed","","5","Confirmed"
"WARN-CBC394433-BULK","WARN-CBC394433-BULK","Color Base C39-4433","2022-06-05 15:59:20","Confirmed","","5","Confirmed"
"WARN-CBR27MS-BULK","WARN-CBR27MS-BULK","Color Base Red 27 MS","2022-06-05 15:59:26","Confirmed","","5","Confirmed"
"WARN-CBRRT-BULK","WARN-CBRRT-BULK","Color Base Red Russet","2022-06-05 15:59:30","Confirmed","","3","Draft"
"WARN-CBESI2Y-BULK","WARN-CBESI2Y-BULK","Color Base SI 2 Yellow","2022-07-08 03:07:09","Confirmed","","2","Confirmed"
"WARN-CBESIR217-BULK","WARN-CBESIR217-BULK","Color Base SI Red 217","2022-07-08 03:07:17","Confirmed","","2","Confirmed"
"WARN-CBTO-BULK","WARN-CBTO-BULK","Color Base Titan OTS","2022-06-05 15:59:49","Confirmed","","5","Confirmed"
"WARN-CBTITAN-BULK","WARN-CBTITAN-BULK","Color Base Titanium","2022-06-05 15:59:55","Confirmed","","5","Confirmed"
"WARN-CBETE-BULK","WARN-CBETE-BULK","Color Base Tudor Eboni","2022-07-08 03:07:24","Confirmed","","2","Confirmed"
"WARN-CBTRO-BULK","WARN-CBTRO-BULK","Color Base Tudor Oak","2022-06-05 16:00:06","Confirmed","","5","Confirmed"
"WARN-CBEWHBI2-BULK","WARN-CBEWHBI2-BULK","Color Base Warna Hitam BI 2","2022-07-08 03:07:31","Confirmed","","2","Confirmed"
"WARN-CBEWKBI2-BULK","WARN-CBEWKBI2-BULK","Color Base Warna Kuning BI 2","2022-07-08 03:07:37","Confirmed","","2","Confirmed"
"WARN-CBEWMBI2-BULK","WARN-CBEWMBI2-BULK","Color Base Warna Merah BI 2","2022-07-08 03:07:43","Confirmed","","2","Confirmed"
"CONP-SBLER0-MO","CONP-SBLER0-MO","Container Print Powerstay Suede Blush Limited Edition MO","2022-06-30 09:11:34","Confirmed","","3","Confirmed"
"CONP-EFCCR0-W","CONP-EFCCR0-W","Container Printing Exclusive Flawless Cover Cushion Wardah,3 Pass Digital Printed","2022-06-29 02:36:32","Confirmed","","0","Draft"
"CONP-TSESMR0-MO","CONP-TSESMR0-MO","Container Printing Tities Sapoetra ES Meadow MO","2022-06-05 16:21:50","Confirmed","","5","Confirmed"
"CONP-TSESPR0-MO","CONP-TSESPR0-MO","Container Printing Tities Sapoetra ES Prairie MO","2022-06-05 16:21:56","Confirmed","","5","Confirmed"
"CONP-TSEB-E","CONP-TSEB-E","Contprint Container Print Top Secret EB Emina","2022-06-05 16:23:47","Confirmed","","5","Confirmed"
"L-CVM02WDDR0-W","L-CVM02WDDR0-W","Digital Printed CVM Lip Mousse 02 WD Special Ed. W","2022-06-05 16:35:26","Confirmed","","5","Confirmed"
"L-CVM03WDDR0-W","L-CVM03WDDR0-W","Digital Printed CVM Lip Mousse 03 WD Special Ed. W","2022-06-05 16:35:31","Confirmed","","5","Confirmed"
"L-CVM04WDDR0-W","L-CVM04WDDR0-W","Digital Printed CVM Lip Mousse 04 WD Special Ed. W","2022-06-05 16:35:36","Confirmed","","5","Confirmed"
"L-CVM06WDDR0-W","L-CVM06WDDR0-W","Digital Printed CVM Lip Mousse 06 WD Special Ed. W","2022-06-05 16:35:41","Confirmed","","5","Confirmed"
"L-CVM07WDDR0-W","L-CVM07WDDR0-W","Digital Printed CVM Lip Mousse 07 WD Special Ed. W","2022-06-05 16:35:45","Confirmed","","5","Confirmed"
"L-CVM08WDDR0-W","L-CVM08WDDR0-W","Digital Printed CVM Lip Mousse 08 WD Special Ed. W","2022-06-05 16:35:50","Confirmed","","5","Confirmed"
"L-CVM01RMDR0-W","L-CVM01RMDR0-W","Digital Printed CVM Lip Mousse x Ria Miranda 01 W","2022-06-05 16:35:53","Confirmed","","5","Confirmed"
"L-CVM08RMDR0-W","L-CVM08RMDR0-W","Digital Printed CVM Lip Mousse x Ria Miranda 08 W","2022-06-05 16:35:59","Confirmed","","5","Confirmed"
"L-CVM09RMDR0-W","L-CVM09RMDR0-W","Digital Printed CVM Lip Mousse x Ria Miranda 09 W","2022-06-05 16:36:05","Confirmed","","5","Confirmed"
"L-CVM10RMDR0-W","L-CVM10RMDR0-W","Digital Printed CVM Lip Mousse x Ria Miranda 10 W","2022-06-05 16:36:10","Confirmed","","5","Confirmed"
"L-CVM13RMDR0-W","L-CVM13RMDR0-W","Digital Printed CVM Lip Mousse x Ria Miranda 13 W","2022-06-05 16:36:14","Confirmed","","5","Confirmed"
"DUSS-AASG15-WM","DUSS-AASG15-WM","Dus Sticker Acnederm Acne Spot Gel 15 WM","2022-06-05 18:54:47","Confirmed","","3","Confirmed"
"DUSS-ADM40R1-WM","DUSS-ADM40R1-WM","Dus Sticker Acnederm Day Moisturizer 40 R1 WM","2022-06-30 08:48:49","Confirmed","","3","Confirmed"
"DUSS-ADM40-WM","DUSS-ADM40-WM","Dus Sticker Acnederm Day Moisturizer 40 WM","2022-06-05 18:55:04","Confirmed","","3","Confirmed"
"DUSS-ANTM40R1-WM","DUSS-ANTM40R1-WM","Dus Sticker Acnederm Night Treatment Moisturizer 40 R1 WM","2022-06-05 18:55:14","Confirmed","","3","Confirmed"
"DUSS-ANTM40-WM","DUSS-ANTM40-WM","Dus Sticker Acnederm Night Treatment Moisturizer 40 WM","2022-06-05 18:55:17","Confirmed","","5","Confirmed"
"DUSS-BSTUC20R0-E","DUSS-BSTUC20R0-E","Dus Sticker Bright Stuff Tone Up Cream 20 R0 E","2022-06-05 18:55:25","Confirmed","","3","Confirmed"
"DUSS-CDDDCL20R1-WM","DUSS-CDDDCL20R1-WM","Dus Sticker C-Defense DDC Light 20 R1 WM","2022-06-05 18:55:29","Confirmed","","3","Confirmed"
"DUSS-CDDDCL20-WM","DUSS-CDDDCL20-WM","Dus Sticker C-Defense DDC Light 20 WM","2022-06-05 18:55:34","Confirmed","","3","Confirmed"
"DUSS-CDDDCN20R1-WM","DUSS-CDDDCN20R1-WM","Dus Sticker C-Defense DDC Natural 20 R1 WM","2022-06-05 18:55:39","Confirmed","","3","Confirmed"
"DUSS-CDDDCN20-WM","DUSS-CDDDCN20-WM","Dus Sticker C-Defense DDC Natural 20 WM","2022-06-05 18:55:44","Confirmed","","3","Confirmed"
"DUSS-CADLP00R0-W","DUSS-CADLP00R0-W","Dus Sticker CAD Lip Paint 00 W","2022-06-05 18:55:48","Confirmed","","3","Confirmed"
"DUSS-CADLP13R0-W","DUSS-CADLP13R0-W","Dus Sticker CAD Lip Paint 13 W","2022-06-05 18:55:52","Confirmed","","3","Confirmed"
"DUSS-CADLP14R0-W","DUSS-CADLP14R0-W","Dus Sticker CAD Lip Paint 14 W","2022-06-05 18:55:55","Confirmed","","3","Confirmed"
"DUSS-CADLP15R0-W","DUSS-CADLP15R0-W","Dus Sticker CAD Lip Paint 15 W","2022-06-05 18:55:59","Confirmed","","3","Confirmed"
"DUSS-CADLP16R0-W","DUSS-CADLP16R0-W","Dus Sticker CAD Lip Paint 16 W","2022-06-05 18:56:05","Confirmed","","3","Confirmed"
"DUSS-CADLP17R0-W","DUSS-CADLP17R0-W","Dus Sticker CAD Lip Paint 17 W","2022-06-05 18:56:08","Confirmed","","3","Confirmed"
"DUSS-CSBANC15-W","DUSS-CSBANC15-W","Dus Sticker CS Bright Activating Night Cream 15 W","2022-06-05 18:56:13","Confirmed","","3","Confirmed"
"DUSS-CSET125R1-WM","DUSS-CSET125R1-WM","Dus Sticker CS Exfoliating Toner 125 R1 WM","2022-06-05 18:56:17","Confirmed","","3","Confirmed"
"DUSS-CSEDCC10R1-WM","DUSS-CSEDCC10R1-WM","Dus Sticker CS Eyes Dark Circle Corrector 10 R1 W","2022-06-30 08:49:05","Confirmed","","3","Confirmed"
"DUSS-CSEDCC10R0-W","DUSS-CSEDCC10R0-W","Dus Sticker CS Eyes Dark Circle Corrector 10 W","2022-06-05 18:56:27","Confirmed","","3","Confirmed"
"DUSS-RCVPF11CR0-W","DUSS-RCVPF11CR0-W","Dus Sticker Colorfit Velvet Powder Foundation 11C Refill Wardah (Barcode&Varian)","2022-06-05 18:56:31","Confirmed","","1","Confirmed"
"DUSS-RCVPF22NR0-W","DUSS-RCVPF22NR0-W","Dus Sticker Colorfit Velvet Powder Foundation 22N Refill Wardah (Barcode&Varian)","2022-06-05 18:56:36","Confirmed","","1","Confirmed"
"DUSS-RCVPF23WR0-W","DUSS-RCVPF23WR0-W","Dus Sticker Colorfit Velvet Powder Foundation 23W Refill Wardah (Barcode&Varian)","2022-06-05 18:56:40","Confirmed","","1","Confirmed"
"DUSS-RCVPF32NR0-W","DUSS-RCVPF32NR0-W","Dus Sticker Colorfit Velvet Powder Foundation 32N Refill Wardah (Barcode&Varian)","2022-06-05 18:56:45","Confirmed","","1","Confirmed"
"DUSS-RCVPF33WR0-W","DUSS-RCVPF33WR0-W","Dus Sticker Colorfit Velvet Powder Foundation 33W Refill Wardah (Barcode&Varian)","2022-06-05 18:56:50","Confirmed","","1","Confirmed"
"DUSS-RCVPF42NR0-W","DUSS-RCVPF42NR0-W","Dus Sticker Colorfit Velvet Powder Foundation 42N Refill Wardah (Barcode&Varian)","2022-06-05 18:56:54","Confirmed","","1","Confirmed"
"DUSS-RCVPF43WR0-W","DUSS-RCVPF43WR0-W","Dus Sticker Colorfit Velvet Powder Foundation 43W Refill Wardah (Barcode&Varian)","2022-06-05 18:57:00","Confirmed","","1","Confirmed"
"DUSS-RCVPF52NR0-W","DUSS-RCVPF52NR0-W","Dus Sticker Colorfit Velvet Powder Foundation 52N Refill Wardah (Barcode&Varian)","2022-06-05 18:57:03","Confirmed","","1","Confirmed"
"DUSS-DMCP01R0-E","DUSS-DMCP01R0-E","Dus Sticker Daily Matte Compact Powder 01 Light E","2022-06-05 18:57:16","Confirmed","","2","Confirmed"
"DUSS-DMCP02R0-E","DUSS-DMCP02R0-E","Dus Sticker Daily Matte Compact Powder 02 Natural E","2022-06-05 18:57:19","Confirmed","","2","Confirmed"
"DUSS-DMCP03R0-E","DUSS-DMCP03R0-E","Dus Sticker Daily Matte Compact Powder 03 Caramel E","2022-06-05 18:57:23","Confirmed","","2","Confirmed"
"DUSS-DMCP04R0-E","DUSS-DMCP04R0-E","Dus Sticker Daily Matte Compact Powder 04 Mocca E","2022-06-05 18:57:29","Confirmed","","2","Confirmed"
"DUSS-EMLC01H-W","DUSS-EMLC01H-W","Dus Sticker Exclusive Matte Lip Cream 01 (Hologram) W","2022-06-05 18:57:32","Confirmed","","5","Confirmed"
"DUSS-EMLC02H-W","DUSS-EMLC02H-W","Dus Sticker Exclusive Matte Lip Cream 02 (Hologram) W","2022-06-05 18:57:36","Confirmed","","5","Confirmed"
"DUSS-EMLC03H-W","DUSS-EMLC03H-W","Dus Sticker Exclusive Matte Lip Cream 03 (Hologram) W","2022-06-05 18:57:40","Confirmed","","5","Confirmed"
"DUSS-EMLC03R0-WM","DUSS-EMLC03R0-WM","Dus Sticker Exclusive Matte Lip Cream 03 WM","2022-06-05 18:57:43","Confirmed","","5","Confirmed"
"DUSS-EMLC04H-W","DUSS-EMLC04H-W","Dus Sticker Exclusive Matte Lip Cream 04 (Hologram) W","2022-06-05 18:57:47","Confirmed","","5","Confirmed"
"DUSS-EMLC05H-W","DUSS-EMLC05H-W","Dus Sticker Exclusive Matte Lip Cream 05 (Hologram) W","2022-06-05 18:57:51","Confirmed","","5","Confirmed"
"DUSS-EMLC06H-W","DUSS-EMLC06H-W","Dus Sticker Exclusive Matte Lip Cream 06 (Hologram) W","2022-06-05 18:57:55","Confirmed","","5","Confirmed"
"DUSS-EMLC07H-W","DUSS-EMLC07H-W","Dus Sticker Exclusive Matte Lip Cream 07 (Hologram) W","2022-06-05 18:58:00","Confirmed","","5","Confirmed"
"DUSS-EMLC08H-W","DUSS-EMLC08H-W","Dus Sticker Exclusive Matte Lip Cream 08 (Hologram) W","2022-06-05 18:58:03","Confirmed","","5","Confirmed"
"DUSS-EMLC09H-W","DUSS-EMLC09H-W","Dus Sticker Exclusive Matte Lip Cream 09 (Hologram) W","2022-06-05 18:58:06","Confirmed","","5","Confirmed"
"DUSS-EMLC09R0-WM","DUSS-EMLC09R0-WM","Dus Sticker Exclusive Matte Lip Cream 09 WM","2022-06-05 18:58:11","Confirmed","","5","Confirmed"
"DUSS-EMLC10H-W","DUSS-EMLC10H-W","Dus Sticker Exclusive Matte Lip Cream 10 (Hologram) W","2022-06-05 18:58:14","Confirmed","","5","Confirmed"
"DUSS-EMLC11H-W","DUSS-EMLC11H-W","Dus Sticker Exclusive Matte Lip Cream 11 (Hologram) W","2022-06-05 18:58:20","Confirmed","","5","Confirmed"
"DUSS-EMLC11R0-WM","DUSS-EMLC11R0-WM","Dus Sticker Exclusive Matte Lip Cream 11 WM","2022-06-05 18:58:24","Confirmed","","5","Confirmed"
"DUSS-EMLC12H-W","DUSS-EMLC12H-W","Dus Sticker Exclusive Matte Lip Cream 12 (Hologram) W","2022-06-05 18:58:27","Confirmed","","5","Confirmed"
"DUSS-EMLC13H-W","DUSS-EMLC13H-W","Dus Sticker Exclusive Matte Lip Cream 13 (Hologram) W","2022-06-05 18:58:31","Confirmed","","5","Confirmed"
"DUSS-EMLC14H-W","DUSS-EMLC14H-W","Dus Sticker Exclusive Matte Lip Cream 14 (Hologram) W","2022-06-05 18:58:34","Confirmed","","5","Confirmed"
"DUSS-EMLC15H-W","DUSS-EMLC15H-W","Dus Sticker Exclusive Matte Lip Cream 15 (Hologram) W","2022-06-05 18:58:38","Confirmed","","5","Confirmed"
"DUSS-EMLC16H-W","DUSS-EMLC16H-W","Dus Sticker Exclusive Matte Lip Cream 16 (Hologram) W","2022-06-05 18:58:43","Confirmed","","5","Confirmed"
"DUSS-EMLC17H-W","DUSS-EMLC17H-W","Dus Sticker Exclusive Matte Lip Cream 17 (Hologram) W","2022-06-05 18:58:48","Confirmed","","5","Confirmed"
"DUSS-EMLC18H-W","DUSS-EMLC18H-W","Dus Sticker Exclusive Matte Lip Cream 18 (Hologram) W","2022-06-05 18:58:52","Confirmed","","5","Confirmed"
"DUSS-IMLCR0-W","DUSS-IMLCR0-W","Dus Sticker Instaperfect Mattecentric Lip Crayon W (Pc(s))","2022-06-05 18:59:00","Confirmed","","5","Confirmed"
"DUSS-LBBCL30R1-WM","DUSS-LBBCL30R1-WM","Dus Sticker LBBC Light 30 R1 WM","2022-06-30 08:49:13","Confirmed","","3","Confirmed"
"DUSS-LBBCL30-WM","DUSS-LBBCL30-WM","Dus Sticker LBBC Light 30 WM","2022-06-05 18:59:14","Confirmed","","3","Confirmed"
"DUSS-LBBCN30R1-WM","DUSS-LBBCN30R1-WM","Dus Sticker LBBC Natural 30 R1 WM","2022-06-30 08:49:22","Confirmed","","3","Confirmed"
"DUSS-LBBCN30-WM","DUSS-LBBCN30-WM","Dus Sticker LBBC Natural 30 WM","2022-06-05 17:53:04","Confirmed","","3","Confirmed"
"DUSS-LDC20RLR0-W","DUSS-LDC20RLR0-W","Dus Sticker Lightening Day Cream 20 Relaunch W","2022-06-05 18:59:38","Confirmed","","5","Confirmed"
"DUSS-LDC30RLR0-W","DUSS-LDC30RLR0-W","Dus Sticker Lightening Day Cream 30 Relaunch W","2022-06-05 18:59:41","Confirmed","","5","Confirmed"
"DUSS-LMP1R0-W","DUSS-LMP1R0-W","Dus Sticker Lightening Matte Powder 01 Wardah","2022-07-07 04:25:19","Confirmed","","1","Confirmed"
"DUSS-LMP2R0-W","DUSS-LMP2R0-W","Dus Sticker Lightening Matte Powder 02 Wardah","2022-06-30 08:47:13","Confirmed","","1","Confirmed"
"DUSS-LMP3R0-W","DUSS-LMP3R0-W","Dus Sticker Lightening Matte Powder 03 Wardah","2022-06-30 08:47:23","Confirmed","","1","Confirmed"
"DUSS-LMP4R0-W","DUSS-LMP4R0-W","Dus Sticker Lightening Matte Powder 04 Wardah","2022-06-30 08:47:30","Confirmed","","1","Confirmed"
"DUSS-LSA30R0-WM","DUSS-LSA30R0-WM","Dus Sticker Lightening Serum Ampoule 30 R0 WM","2022-06-05 18:59:45","Confirmed","","3","Confirmed"
"DUSS-LSA30R1-WM","DUSS-LSA30R1-WM","Dus Sticker Lightening Serum Ampoule 30 R1 WM","2022-06-05 18:59:50","Confirmed","","3","Confirmed"
"DUSS-MPASMG-EM","DUSS-MPASMG-EM","Dus Sticker Ms. Pimple AS Moist Gel 20 EM","2022-06-05 18:59:53","Confirmed","","3","Confirmed"
"DUSS-PBMS2820R1-WM","DUSS-PBMS2820R1-WM","Dus Sticker Perfect Bright Moisturizer SPF28 20 R1 WM","2022-06-30 08:47:38","Confirmed","","3","Confirmed"
"DUSS-PBMS2820-WM","DUSS-PBMS2820-WM","Dus Sticker Perfect Bright Moisturizer SPF28 20 WM","2022-06-05 19:00:02","Confirmed","","5","Confirmed"
"DUSS-PMFC21R0-MO","DUSS-PMFC21R0-MO","Dus Sticker Powerstay Matte Powder Foundation C21 MO","2022-06-05 19:00:06","Confirmed","","1","Confirmed"
"DUSS-PMFC31R0-MO","DUSS-PMFC31R0-MO","Dus Sticker Powerstay Matte Powder Foundation C31 MO","2022-06-05 19:00:11","Confirmed","","1","Confirmed"
"DUSS-PMFC41R0-MO","DUSS-PMFC41R0-MO","Dus Sticker Powerstay Matte Powder Foundation C41 MO","2022-06-05 19:00:15","Confirmed","","1","Confirmed"
"DUSS-PMFC51R0-MO","DUSS-PMFC51R0-MO","Dus Sticker Powerstay Matte Powder Foundation C51 MO","2022-06-05 19:00:20","Confirmed","","1","Confirmed"
"DUSS-PMFC62R0-MO","DUSS-PMFC62R0-MO","Dus Sticker Powerstay Matte Powder Foundation C62 MO","2022-06-05 19:00:26","Confirmed","","1","Confirmed"
"DUSS-PMFN10R0-MO","DUSS-PMFN10R0-MO","Dus Sticker Powerstay Matte Powder Foundation N10 MO","2022-06-05 19:00:30","Confirmed","","1","Confirmed"
"DUSS-PMFN20R0-MO","DUSS-PMFN20R0-MO","Dus Sticker Powerstay Matte Powder Foundation N20 MO","2022-06-05 19:00:33","Confirmed","","1","Confirmed"
"DUSS-PMFN30R0-MO","DUSS-PMFN30R0-MO","Dus Sticker Powerstay Matte Powder Foundation N30 MO","2022-06-05 19:00:38","Confirmed","","1","Confirmed"
"DUSS-PMFN40R0-MO","DUSS-PMFN40R0-MO","Dus Sticker Powerstay Matte Powder Foundation N40 MO","2022-06-05 19:00:43","Confirmed","","1","Confirmed"
"DUSS-PMFN50R0-MO","DUSS-PMFN50R0-MO","Dus Sticker Powerstay Matte Powder Foundation N50 MO","2022-06-05 19:00:47","Confirmed","","1","Confirmed"
"DUSS-PMFW12R0-MO","DUSS-PMFW12R0-MO","Dus Sticker Powerstay Matte Powder Foundation W12 MO","2022-06-05 19:00:52","Confirmed","","1","Confirmed"
"DUSS-PMFW21R0-MO","DUSS-PMFW21R0-MO","Dus Sticker Powerstay Matte Powder Foundation W21 MO","2022-06-05 19:00:56","Confirmed","","1","Confirmed"
"DUSS-PMFW22R0-MO","DUSS-PMFW22R0-MO","Dus Sticker Powerstay Matte Powder Foundation W22 MO","2022-06-05 19:01:01","Confirmed","","1","Confirmed"
"DUSS-PMFW30R0-MO","DUSS-PMFW30R0-MO","Dus Sticker Powerstay Matte Powder Foundation W30 MO","2022-06-05 19:01:05","Confirmed","","1","Confirmed"
"DUSS-PMFW32R0-MO","DUSS-PMFW32R0-MO","Dus Sticker Powerstay Matte Powder Foundation W32 MO","2022-06-05 19:01:10","Confirmed","","1","Confirmed"
"DUSS-PMFW33R0-MO","DUSS-PMFW33R0-MO","Dus Sticker Powerstay Matte Powder Foundation W33 MO","2022-06-05 19:01:14","Confirmed","","1","Confirmed"
"DUSS-PMFW41R0-MO","DUSS-PMFW41R0-MO","Dus Sticker Powerstay Matte Powder Foundation W41 MO","2022-06-05 19:01:19","Confirmed","","1","Confirmed"
"DUSS-PMFW42R0-MO","DUSS-PMFW42R0-MO","Dus Sticker Powerstay Matte Powder Foundation W42 MO","2022-06-05 19:01:23","Confirmed","","1","Confirmed"
"DUSS-PMFW50R0-MO","DUSS-PMFW50R0-MO","Dus Sticker Powerstay Matte Powder Foundation W50 MO","2022-06-05 19:01:28","Confirmed","","1","Confirmed"
"DUSS-PMFW60R0-MO","DUSS-PMFW60R0-MO","Dus Sticker Powerstay Matte Powder Foundation W60 MO","2022-06-05 19:01:32","Confirmed","","1","Confirmed"
"DUSS-RYAANC17R0-W","DUSS-RYAANC17R0-W","Dus Sticker Renew You NC 17 W","2022-06-05 19:01:51","Confirmed","","5","Confirmed"
"DUSS-WSPTE100-WM","DUSS-WSPTE100-WM","Dus Sticker WS Pure Treatment Essence 100 WM","2022-06-05 19:01:58","Confirmed","","5","Confirmed"
"DUSS-WHPMG40R1-WM","DUSS-WHPMG40R1-WM","Dus Sticker Witch Hazel Purifying Moisturizer Gel 40 R1 WM","2022-06-05 17:55:40","Confirmed","","3","Confirmed"
"DUSS-WHPMG40-WM","DUSS-WHPMG40-WM","Dus Sticker Witch Hazel Purifying Moisturizer Gel 40 WM","2022-06-05 19:02:09","Confirmed","","5","Confirmed"
"KBP-W100BR1-WM","KBP-W100BR1-WM","Karton Box Printing Wardah 100 Biasa R1","2022-06-05 21:50:10","Confirmed","","5","Confirmed"
"LAR-LICODDC-BULK","LAR-LICODDC-BULK","Larutan Ekstrak Pemutih O Dalam Silikon 200/50","2022-06-05 22:05:08","Confirmed","","5","Confirmed"
"LAR-KOH-BULK","LAR-KOH-BULK","Larutan KOH","2022-06-05 22:05:12","Confirmed","","5","Confirmed"
"LAR-KOH30%-BULK","LAR-KOH30%-BULK","Larutan KOH 30%","2022-06-05 22:05:15","Confirmed","","5","Confirmed"
"SAMP-LARC23A204-DCR17-X","SAMP-LARC23A204-DCR17-X","Larutan Sampel C23-A204 SunCROMA D&C Red 17","2022-06-05 20:47:39","Confirmed","","0","Draft"
"LAR-WGL%-BULK","LAR-WGL%-BULK","Larutan Warna Green Larut Minyak 0.02 % Bulk (Kg)","2022-06-05 22:05:27","Confirmed","","5","Confirmed"
"LAR-WGT-BULK","LAR-WGT-BULK","Larutan Warna Green Timber","2022-07-08 03:08:10","Confirmed","","2","Confirmed"
"LAR-WMHTG-BULK","LAR-WMHTG-BULK","Larutan Warna Merah HTG","2022-06-05 22:05:36","Confirmed","","5","Confirmed"
"LCBP-MFTDQ-E","LCBP-MFTDQ-E","Lip Color Balm CSDQ + Block Printing","2022-06-05 22:16:36","Confirmed","","5","Confirmed"
"LCBP-MFTLCB07-E","LCBP-MFTLCB07-E","Lip Color Balm CSIQ + Block Printing","2022-06-05 22:16:40","Confirmed","","5","Confirmed"
"LCBP-MFTLQ-E","LCBP-MFTLQ-E","Lip Color Balm CSLQ + Block Printing","2022-06-05 22:16:43","Confirmed","","5","Confirmed"
"LCBP-MFTPQ-E","LCBP-MFTPQ-E","Lip Color Balm CSPQ + Block Printing","2022-06-05 22:16:49","Confirmed","","5","Confirmed"
"LCBP-MFTLCB09-E","LCBP-MFTLCB09-E","Lip Color Balm CSPR + Block Printing","2022-06-05 22:16:52","Confirmed","","5","Confirmed"
"LCBP-MFTLCB10-E","LCBP-MFTLCB10-E","Lip Color Balm CSRQ + Block Printing","2022-06-05 22:16:55","Confirmed","","5","Confirmed"
"LCBP-MFTSCQ-E","LCBP-MFTSCQ-E","Lip Color Balm CSSC + Block Printing","2022-06-05 22:16:59","Confirmed","","5","Confirmed"
"LCBP-MFTSHQ-E","LCBP-MFTSHQ-E","Lip Color Balm CSSH + Block Printing","2022-06-05 22:17:02","Confirmed","","5","Confirmed"
"LCBP-MFTSMQ-E","LCBP-MFTSMQ-E","Lip Color Balm CSSM + Block Printing","2022-06-05 22:17:06","Confirmed","","5","Confirmed"
"LCBP-MFTLCB08-E","LCBP-MFTLCB08-E","Lip Color Balm CSSP + Block Printing","2022-06-05 22:17:10","Confirmed","","5","Confirmed"
"WARN-UNPBRWNL88-MONO","WARN-UNPBRWNL88-MONO","Monokrom Brown 889","2022-06-06 06:19:42","Confirmed","","5","Confirmed"
"WARN-C196619-MONOKRO","WARN-C196619-MONOKRO","Monokrom C19-6619","2022-06-06 06:19:46","Confirmed","","5","Confirmed"
"WARN-C43001-MONOKROM","WARN-C43001-MONOKROM","Monokrom C43-001","2022-06-06 06:19:51","Confirmed","","5","Confirmed"
"WARN-C19011-MONEL","WARN-C19011-MONEL","Monokrom Elastomer C19-011","2022-06-06 06:19:57","Confirmed","","5","Confirmed"
"WARN-C19012-MONEL","WARN-C19012-MONEL","Monokrom Elastomer C19-012","2022-06-06 06:20:00","Confirmed","","5","Confirmed"
"WARN-C196619-MONEL","WARN-C196619-MONEL","Monokrom Elastomer C19-6619","2022-06-06 06:20:04","Confirmed","","5","Confirmed"
"WARN-C335138-MONEL","WARN-C335138-MONEL","Monokrom Elastomer C33-5138","2022-06-06 06:20:07","Confirmed","","5","Confirmed"
"WARN-C338073-MONEL","WARN-C338073-MONEL","Monokrom Elastomer C33-8073","2022-06-06 06:20:10","Confirmed","","5","Confirmed"
"WARN-TITOTS-MONEL","WARN-TITOTS-MONEL","Monokrom Elastomer Titan OTS","2022-06-06 06:20:13","Confirmed","","5","Confirmed"
"WARN-TOA403-MONEL","WARN-TOA403-MONEL","Monokrom Elastomer Tudor Oak","2022-06-06 06:20:16","Confirmed","","5","Confirmed"
"WARN-LSMC19011-BULK","WARN-LSMC19011-BULK","Monokrom LSM C19-011","2022-06-06 06:20:19","Confirmed","","5","Confirmed"
"WARN-C196619-BULK","WARN-C196619-BULK","Monokrom LSM C19-6619","2022-06-06 00:10:11","Confirmed","","2","Confirmed"
"WARN-LSMC715171-BULK","WARN-LSMC715171-BULK","Monokrom LSM C71-5171","2022-06-06 06:20:26","Confirmed","","5","Confirmed"
"WARN-LSMCOSG-BULK","WARN-LSMCOSG-BULK","Monokrom LSM Cosmetic Green","2022-06-06 00:10:18","Confirmed","","2","Confirmed"
"WARN-LSMTITA-BULK","WARN-LSMTITA-BULK","Monokrom LSM Titan","2022-06-06 06:20:32","Confirmed","","5","Confirmed"
"WARN-TOA403-BULK","WARN-TOA403-BULK","Monokrom LSM Tudor Oak","2022-06-06 00:10:28","Confirmed","","2","Confirmed"
"WARN-C19011CB-BULK","WARN-C19011CB-BULK","Monokrom Lipcream C19-011","2022-06-06 06:20:38","Confirmed","","5","Confirmed"
"WARN-C19012CB-BULK","WARN-C19012CB-BULK","Monokrom Lipcream C19-012","2022-06-06 06:20:42","Confirmed","","5","Confirmed"
"WARN-C335138CB-BULK","WARN-C335138CB-BULK","Monokrom Lipcream C33-5138","2022-06-06 06:20:45","Confirmed","","5","Confirmed"
"WARN-C338073CB-BULK","WARN-C338073CB-BULK","Monokrom Lipcream C33-8073","2022-06-06 06:20:49","Confirmed","","5","Confirmed"
"WARN-C394433CB0-BULK","WARN-C394433CB0-BULK","Monokrom Lipcream C39-4433","2022-06-06 06:20:52","Confirmed","","5","Confirmed"
"WARN-COGOCB-BULK","WARN-COGOCB-BULK","Monokrom Lipcream Cogilor Ochre","2022-06-06 06:20:59","Confirmed","","5","Confirmed"
"WARN-TITAOTSCB-BULK","WARN-TITAOTSCB-BULK","Monokrom Lipcream Titan OTS","2022-06-06 06:21:02","Confirmed","","5","Confirmed"
"WARN-TOA506CB-BULK","WARN-TOA506CB-BULK","Monokrom Lipcream Tudor Orchid","2022-06-06 06:21:05","Confirmed","","5","Confirmed"
"WARN-TPA502CB-BULK","WARN-TPA502CB-BULK","Monokrom Lipcream Tudor Paeony","2022-06-06 06:21:08","Confirmed","","5","Confirmed"
"WARN-TOA403CB-BULK","WARN-TOA403CB-BULK","Monokrom Lipcream Tudor oak","2022-06-06 06:21:12","Confirmed","","5","Confirmed"
"WARN-TETDMS-BULK","WARN-TETDMS-BULK","Monokrom Serbuk Tudor Eboni","2022-06-06 06:21:20","Confirmed","","5","Confirmed"
"WARN-RED3ASTDMS-BULK","WARN-RED3ASTDMS-BULK","Monokrom Serbuk Warna Merah 3 AS","2022-06-06 06:21:23","Confirmed","","5","Confirmed"
"WARN-MKRTC-BULK","WARN-MKRTC-BULK","Monokrom Titan Coated","2022-06-06 06:21:27","Confirmed","","5","Confirmed"
"WARN-TOA403-02BULK","WARN-TOA403-02BULK","Monokrom Tudor Oak","2022-06-06 06:21:30","Confirmed","","5","Confirmed"
"WARN-TOA506-MONOKRO","WARN-TOA506-MONOKRO","Monokrom Tudor Orchid","2022-06-06 06:21:33","Confirmed","","5","Confirmed"
"WARN-TPA502-MONOKRO","WARN-TPA502-MONOKRO","Monokrom Tudor Paeony","2022-06-06 06:21:36","Confirmed","","5","Confirmed"
"WARN-LSC43001-BULK","WARN-LSC43001-BULK","Monokrom Warna Lip Stain C43-001 Bulk","2022-06-06 06:21:58","Confirmed","","5","Confirmed"
"WARN-RED6LM4-01-BULK","WARN-RED6LM4-01-BULK","Monokrom Warna Red 6 LM","2022-06-06 06:22:12","Confirmed","","5","Confirmed"
"WARN-A450TDMS-BULK","WARN-A450TDMS-BULK","Monokrom serbuk C33-450M","2022-06-06 06:22:15","Confirmed","","5","Confirmed"
"WARN-SI217TDMS-BULK","WARN-SI217TDMS-BULK","Monokrom serbuk si 2 red 217","2022-06-06 06:22:18","Confirmed","","5","Confirmed"
"WARN-S12YL-BULK","WARN-S12YL-BULK","PAsta Warna S1-2 Yellow","2022-06-06 06:43:03","Confirmed","","5","Confirmed"
"CONP-PSEFCCR0-W","CONP-PSEFCCR0-W","PS Container Printing Exclusive Flawless Cover Cushion W,Digital Printed by PTI","2022-07-12 02:36:06","Confirmed","","0","Draft"
"CONP-PSETWCR0-W","CONP-PSETWCR0-W","PS Container Printing Exclusive Two Way Cake W,Digital Printed by PTI","2022-07-12 02:36:24","Confirmed","","0","Draft"
"PAPS-UVSAFE-WM","PAPS-UVSAFE-WM","Papercard Sticker UVS AF Essence WM","2022-06-06 07:00:23","Confirmed","","3","Confirmed"
"WARN-PFCTE-BULK","WARN-PFCTE-BULK","Pasta WArna Found cream Tudor ebony Bulk (Kg)","2022-06-06 07:06:48","Confirmed","","5","Confirmed"
"WARN-C19011-01BULK","WARN-C19011-01BULK","Pasta Warna C19-011 (kg)","2022-06-06 07:06:54","Confirmed","","5","Confirmed"
"WARN-C19012-01BULK","WARN-C19012-01BULK","Pasta Warna C19-012","2022-06-06 07:07:00","Confirmed","","5","Confirmed"
"WARN-C33-5138-PST","WARN-C33-5138-PST","Pasta Warna C33- 5138 (kg)","2022-06-06 07:07:06","Confirmed","","5","Confirmed"
"WARN-C338-02BULK","WARN-C338-02BULK","Pasta Warna C33-8073 Bulk","2022-06-06 07:07:09","Confirmed","","5","Confirmed"
"WARN-COGO-01BULK","WARN-COGO-01BULK","Pasta Warna Cogilor Orch","2022-06-06 07:07:12","Confirmed","","5","Confirmed"
"WARN-PFCSR-BULK","WARN-PFCSR-BULK","Pasta Warna Found Cream Si 2 Red 217 R 0722236","2022-06-06 07:07:15","Confirmed","","5","Confirmed"
"WARN-PFCS-BULK","WARN-PFCS-BULK","Pasta Warna Found Cream Si 2 Red 516","2022-06-06 07:07:18","Confirmed","","5","Confirmed"
"WARN-PFCSY-BULK","WARN-PFCSY-BULK","Pasta Warna Found Cream Si 2 yellow Bulk (Kg)","2022-06-06 07:07:21","Confirmed","","5","Confirmed"
"WARN-M3AS-BULK","WARN-M3AS-BULK","Pasta Warna Merah 3 AS bulk","2022-06-06 07:08:07","Confirmed","","5","Confirmed"
"WARN-RED6LM4-BULK","WARN-RED6LM4-BULK","Pasta Warna Red 6 LM","2022-06-06 07:08:13","Confirmed","","5","Confirmed"
"WARN-TOA403-01BULK","WARN-TOA403-01BULK","Pasta Warna Tudor Oak A.403","2022-06-06 07:08:19","Confirmed","","5","Confirmed"
"WARN-TOA506-01-BULK","WARN-TOA506-01-BULK","Pasta Warna Tudor Orchid","2022-06-06 07:08:22","Confirmed","","5","Confirmed"
"WARN-TPA502-01-BULK","WARN-TPA502-01-BULK","Pasta Warna Tudor Paeony","2022-06-06 07:08:25","Confirmed","","5","Confirmed"
"WARN-K3AS-BULK","WARN-K3AS-BULK","Pasta Warna kuning 3 AS bulk","2022-06-06 07:08:51","Confirmed","","5","Confirmed"
"WARN-S12RN217-BULK","WARN-S12RN217-BULK","Pasta warna S1-2 Red 217","2022-06-06 07:09:17","Confirmed","","5","Confirmed"
"WARN-TI-MKR","WARN-TI-MKR","Pasta warna Titan (Kg)","2022-06-06 07:09:20","Confirmed","","5","Confirmed"
"WARN-TOTSB-BULK","WARN-TOTSB-BULK","Pasta warna Titan OTS B Bulk","2022-06-06 07:09:22","Confirmed","","5","Confirmed"
"PPUF-LBCPR-W","PPUF-LBCPR-W","Plastik+Puff Lightening BB Cake Powder Refill W","2022-06-06 07:21:27","Confirmed","","1","Confirmed"
"POTP-BGSPAREV17-P","POTP-BGSPAREV17-P","Pot Print Botanical Garden SPA Rev-1 720 ml Putri","2022-06-06 07:37:28","Confirmed","","5","Confirmed"
"POTP-BGSPA720N_-P","POTP-BGSPA720N_-P","Pot Print Botanical Garden Spa 720 ml Putri","2022-06-06 07:37:30","Confirmed","","5","Confirmed"
"POTP-CBGINREV17-P","POTP-CBGINREV17-P","Pot Print Crambath Ginseng Rev-1  720 ml Putri","2022-06-06 07:37:33","Confirmed","","5","Confirmed"
"POTP-CBA-P720","POTP-CBA-P720","Pot Print Cream Bath Avocado 720 ml Elm.putri","2022-06-06 07:37:42","Confirmed","","5","Confirmed"
"POTP-CBK720-P","POTP-CBK720-P","Pot Print Cream Bath Kemiri 720 ml Elm.putri","2022-06-06 07:37:50","Confirmed","","5","Confirmed"
"POTP-CBAV720REV-P","POTP-CBAV720REV-P","Pot Print Creambath Aloe Vera Rev-1  720 ml Putri","2022-06-06 07:37:59","Confirmed","","5","Confirmed"
"POTP-CBA720N_L-P","POTP-CBA720N_L-P","Pot Print Creambath Avocado Rev-1 720 ml Putri","2022-06-06 07:38:05","Confirmed","","5","Confirmed"
"POTP-CBA720REV1-P","POTP-CBA720REV1-P","Pot Print Creambath Avocado Rev-1 720 ml Putri","2022-06-06 07:38:03","Confirmed","","5","Confirmed"
"POTP-CBC720N_L-P","POTP-CBC720N_L-P","Pot Print Creambath Cream Putri 720 ml","2022-06-06 07:38:08","Confirmed","","5","Confirmed"
"POTP-CBGIN720N_-P","POTP-CBGIN720N_-P","Pot Print Creambath Ginseng 720 ml Putri","2022-06-06 07:38:11","Confirmed","","5","Confirmed"
"POTP-RSPAR1720-P","POTP-RSPAR1720-P","Pot Print Creambath Rich SPA Rev-1 720 ml Putri","2022-06-06 07:38:23","Confirmed","","5","Confirmed"
"POTP-CBSPALAVRE-P","POTP-CBSPALAVRE-P","Pot Print Creambath SPA lavender Rev-1  720 ml Putri","2022-06-06 07:38:26","Confirmed","","5","Confirmed"
"POTP-CBSPALAV72-P","POTP-CBSPALAV72-P","Pot Print Creambath Spa Lavender 720 ml Putri","2022-06-06 07:38:30","Confirmed","","5","Confirmed"
"POTP-GDTC250-IX","POTP-GDTC250-IX","Pot Print Green Douce Treatment Crme 250 ml IX","2022-06-06 07:38:39","Confirmed","","5","Confirmed"
"POTP-GDTC500-IX","POTP-GDTC500-IX","Pot Print Green Douce Treatment Crme 500 ml IX","2022-06-06 07:38:41","Confirmed","","5","Confirmed"
"POTP-HMP720-P","POTP-HMP720-P","Pot Print Hair Mask Platinum Putri 720 ml Elm.putri","2022-06-06 07:38:44","Confirmed","","5","Confirmed"
"POTP-HMSPAREV17-P","POTP-HMSPAREV17-P","Pot Print Hair Mask Spa Rev-1 Putri 720 ml","2022-06-06 07:38:48","Confirmed","","5","Confirmed"
"POTP-NP3P-P720","POTP-NP3P-P720","Pot Print Neutralizer Platinum Putri 720 ml Elm.putri","2022-06-06 07:38:50","Confirmed","","5","Confirmed"
"POTP-LWOBS720RE-P","POTP-LWOBS720RE-P","Pot Print Olive Body Scrub Rev-1 720 ml Putri","2022-06-06 07:38:53","Confirmed","","5","Confirmed"
"POTP-LWOBS720N_-P","POTP-LWOBS720N_-P","Pot Print Olive Body scrub N_L  720 ml Putri","2022-06-06 07:38:56","Confirmed","","5","Confirmed"
"POTP-PCLBHM250-IX","POTP-PCLBHM250-IX","Pot Print Pro Colorlock Booster HM 250 ml IX","2022-06-06 07:39:02","Confirmed","","5","Confirmed"
"POTP-PCLBHM500-IX","POTP-PCLBHM500-IX","Pot Print Pro Colorlock Booster HM 500 ml IX","2022-06-06 07:39:05","Confirmed","","5","Confirmed"
"POTP-PISHM250-IX","POTP-PISHM250-IX","Pot Print Pro Incredible Smooth HM 250 ml IX","2022-06-06 07:39:07","Confirmed","","5","Confirmed"
"POTP-PISHM500-IX","POTP-PISHM500-IX","Pot Print Pro Incredible Smooth HM 500 ml IX","2022-06-06 07:39:11","Confirmed","","5","Confirmed"
"POTP-PISTHM250-IX","POTP-PISTHM250-IX","Pot Print Pro Incredible Strength HM 250 ml IX","2022-06-06 07:39:13","Confirmed","","5","Confirmed"
"POTP-PISTHM500-IX","POTP-PISTHM500-IX","Pot Print Pro Incredible Strength HM 500 ml IX","2022-06-06 07:39:18","Confirmed","","5","Confirmed"
"POTP-PTCHM250-IX","POTP-PTCHM250-IX","Pot Print Pro Timeless Care HM 250 ml IX","2022-06-06 07:39:20","Confirmed","","5","Confirmed"
"POTP-PTCHM500-IX","POTP-PTCHM500-IX","Pot Print Pro Timeless Care HM 500 ml IX","2022-06-06 07:39:24","Confirmed","","5","Confirmed"
"POTP-P1720REV1-P","POTP-P1720REV1-P","Pot Print Pustraite I Rev-1 720 ml Putri","2022-06-06 07:39:26","Confirmed","","5","Confirmed"
"POTP-P2720REV1-P","POTP-P2720REV1-P","Pot Print Pustraite step II Rev-1  720 ml Putri","2022-06-06 07:39:29","Confirmed","","5","Confirmed"
"POTP-P-P720","POTP-P-P720","Pot Print Pustreite I 720 ml Elm.putri","2022-06-06 07:39:32","Confirmed","","5","Confirmed"
"POTP-PP3P-P720","POTP-PP3P-P720","Pot Print Pustreite Platinum 720 ml Elm.putri","2022-06-06 07:39:38","Confirmed","","5","Confirmed"
"POTP-P1720N_L-P","POTP-P1720N_L-P","Pot Print Pustreite Step 1 Putri 720 ml","2022-06-06 07:39:41","Confirmed","","5","Confirmed"
"POTP-RSPA720N_L-P","POTP-RSPA720N_L-P","Pot Print Rich Spa Putri 720 ml","2022-06-06 07:39:47","Confirmed","","5","Confirmed"
"POTP-SETC250-IX","POTP-SETC250-IX","Pot Print SPA Eaux-prience Treatment Crme 250 ml IX","2022-06-06 07:39:49","Confirmed","","5","Confirmed"
"POTP-SETC500-IX","POTP-SETC500-IX","Pot Print SPA Eaux-prience Treatment Crme 500 ml IX","2022-06-06 07:39:53","Confirmed","","5","Confirmed"
"POTS-BGSPAREV12-P","POTS-BGSPAREV12-P","Pot Sticker Botanical Garden Spa Rev-1 240 ml Putri","2022-06-06 07:41:33","Confirmed","","5","Confirmed"
"POTS-CBA250-P","POTS-CBA250-P","Pot Sticker Cream Bath Avocado 250 ml Elm.putri","2022-06-06 07:41:39","Confirmed","","5","Confirmed"
"POTS-CBG250-P","POTS-CBG250-P","Pot Sticker Cream Bath Ginseng 250 ml Elm.putri","2022-06-06 07:41:45","Confirmed","","5","Confirmed"
"POTS-CBK250-P","POTS-CBK250-P","Pot Sticker Cream Bath Kemiri 250 ml Elm.putri","2022-06-06 07:41:48","Confirmed","","5","Confirmed"
"POTS-CBLB250-P","POTS-CBLB250-P","Pot Sticker Cream Bath Lidah Buaya Putri 250 ml Elm.putri","2022-06-06 07:41:50","Confirmed","","5","Confirmed"
"POTS-CBAV240N_L-P","POTS-CBAV240N_L-P","Pot Sticker Creambath Aloevera 240 P (Pc(s))","2022-06-06 07:41:53","Confirmed","","5","Confirmed"
"POTS-CBA240N_L-P","POTS-CBA240N_L-P","Pot Sticker Creambath Avocado 240 P (Pc(s))","2022-06-06 07:41:57","Confirmed","","5","Confirmed"
"POTS-CBSPALREV1-P","POTS-CBSPALREV1-P","Pot Sticker Creambath Spa lavender Rev-1  240 ml Putri","2022-06-06 07:42:03","Confirmed","","5","Confirmed"
"POTS-CBBWL&GWRP-W","POTS-CBBWL&GWRP-W","Pot Sticker Creamy Body Butter Lavender & Ginger 150 ml War","2022-06-06 07:42:19","Confirmed","","5","Confirmed"
"POTS-CBBM&P150W-W","POTS-CBBM&P150W-W","Pot Sticker Creamy Body Butter Milk & Pearl 150 ml Wardah","2022-06-06 07:42:24","Confirmed","","5","Confirmed"
"POTS-CBBO100-W","POTS-CBBO100-W","Pot Sticker Creamy Body Butter Olive 100 ml Wardah","2022-06-06 07:42:27","Confirmed","","5","Confirmed"
"POTS-CBBO150WRP-W","POTS-CBBO150WRP-W","Pot Sticker Creamy Body Butter Olive 150 ml Wardah","2022-06-06 07:42:30","Confirmed","","5","Confirmed"
"POTS-CBBPF150WR-W","POTS-CBBPF150WR-W","Pot Sticker Creamy Body Butter Passion Fruit 150 ml Wardah","2022-06-06 07:42:36","Confirmed","","5","Confirmed"
"POTS-CBBPF50-W","POTS-CBBPF50-W","Pot Sticker Creamy Body Butter Passion Fruit 50 ml Wardah","2022-06-06 07:42:38","Confirmed","","5","Confirmed"
"POTS-CBBR150WRP-W","POTS-CBBR150WRP-W","Pot Sticker Creamy Body Butter Rose 150 ml Wardah","2022-06-06 07:42:44","Confirmed","","5","Confirmed"
"POTS-CBBST150WR-W","POTS-CBBST150WR-W","Pot Sticker Creamy Body Butter Strawberry 150 ml Wardah","2022-06-06 07:42:50","Confirmed","","5","Confirmed"
"POTS-CBBMP50-W","POTS-CBBMP50-W","Pot Sticker Creamy body butter Milk & Pearl 50 ml Wardah","2022-06-06 07:42:57","Confirmed","","5","Confirmed"
"POTS-CBBO50-W","POTS-CBBO50-W","Pot Sticker Creamy body butter Olive 50 ml Wardah","2022-06-06 07:42:59","Confirmed","","5","Confirmed"
"POTS-CBBR50-W","POTS-CBBR50-W","Pot Sticker Creamy body butter Rose 50 ml Wardah","2022-06-06 07:43:02","Confirmed","","5","Confirmed"
"POTS-HMP720NL-P","POTS-HMP720NL-P","Pot Sticker Hair Mask Platinum Putri 720 ml","2022-06-06 07:43:16","Confirmed","","5","Confirmed"
"POTS-HMPREV1720-P","POTS-HMPREV1720-P","Pot Sticker Hair Mask Platinum Rev-1 720 ml Putri","2022-06-06 07:43:18","Confirmed","","5","Confirmed"
"POTS-HMSPAREV12-P","POTS-HMSPAREV12-P","Pot Sticker Hair Mask SPA rev-1 240ml Putri","2022-06-06 07:43:21","Confirmed","","5","Confirmed"
"POTS-INC30N_L`0-W","POTS-INC30N_L`0-W","Pot Sticker Intensive Night Cream Elm.wardah 30 GR","2022-06-06 07:43:30","Confirmed","","5","Confirmed"
"POTS-LNC130N_L`-W","POTS-LNC130N_L`-W","Pot Sticker LIghtening Night Cream Step I Elm.wardah 30 GR","2022-06-06 07:43:38","Confirmed","","5","Confirmed"
"POTS-BBL&G150-W","POTS-BBL&G150-W","Pot Sticker Lavender & Ginger Body Butter Elm.wardah 150 ML","2022-06-06 07:43:42","Confirmed","","5","Confirmed"
"POTS-LW-P1OO","POTS-LW-P1OO","Pot Sticker Lulur Wangi 100 ml Elm.putri","2022-06-06 07:44:19","Confirmed","","5","Confirmed"
"POTS-NLPS2REV17-P","POTS-NLPS2REV17-P","Pot Sticker Neutral Platinum Rev-1 720 ml Putri","2022-06-06 07:44:42","Confirmed","","5","Confirmed"
"POTP-NP3P720N_L-P","POTP-NP3P720N_L-P","Pot Sticker Neutralizer Platinum 720 ml Putri","2022-06-06 07:44:45","Confirmed","","5","Confirmed"
"POTS-OBB150-W","POTS-OBB150-W","Pot Sticker Olive Body Butter Elm.wardah 150 ML","2022-06-06 07:44:54","Confirmed","","5","Confirmed"
"POTS-OBS150N_L-P","POTS-OBS150N_L-P","Pot Sticker Olive Body Scrub 150 ml Putri","2022-06-06 07:45:01","Confirmed","","5","Confirmed"
"POTS-LWOBS240RE-P","POTS-LWOBS240RE-P","Pot Sticker Olive Body Scrub Rev-1  240 ml Putri","2022-06-06 07:45:04","Confirmed","","5","Confirmed"
"POTS-BBP&F150-W","POTS-BBP&F150-W","Pot Sticker Passion Fruit Body Butter Elm.wardah 150 ML","2022-06-06 07:45:13","Confirmed","","5","Confirmed"
"POTS-PCCC250-IX","POTS-PCCC250-IX","Pot Sticker Passiontaste Choco Chique Crme 250 ml IX","2022-06-06 07:45:19","Confirmed","","5","Confirmed"
"POTS-PCCC500-IX","POTS-PCCC500-IX","Pot Sticker Passiontaste Choco Chique Crme 500 ml IX","2022-06-06 07:45:23","Confirmed","","5","Confirmed"
"POTS-PPCC250-IX","POTS-PPCC250-IX","Pot Sticker Passiontaste Peach Crush Crme 250 ml IX","2022-06-06 07:45:25","Confirmed","","5","Confirmed"
"POTS-PPCC500-IX","POTS-PPCC500-IX","Pot Sticker Passiontaste Peach Crush Crme 500 ml IX","2022-06-06 07:45:28","Confirmed","","5","Confirmed"
"POTS-PSPC250-IX","POTS-PSPC250-IX","Pot Sticker Passiontaste Strawberry Parfait Crme 250 ml IX","2022-06-06 07:45:31","Confirmed","","5","Confirmed"
"POTS-PSPC500-IX","POTS-PSPC500-IX","Pot Sticker Passiontaste Strawberry Parfait Crme 500 ml IX","2022-06-06 07:45:34","Confirmed","","5","Confirmed"
"POTS-PVAC250-IX","POTS-PVAC250-IX","Pot Sticker Passiontaste Vanilla Amber Crme 250 ml IX","2022-06-06 07:45:36","Confirmed","","5","Confirmed"
"POTS-PVAC500-IX","POTS-PVAC500-IX","Pot Sticker Passiontaste Vanilla Amber Crme 500 ml IX","2022-06-06 07:45:40","Confirmed","","5","Confirmed"
"POTS-CBBPF50R1-W","POTS-CBBPF50R1-W","Pot Sticker Pot sticker CBB Passion Fruit 50 ml R1 Wardah","2022-06-06 07:45:51","Confirmed","","5","Confirmed"
"POTS-CBBS50R1-W","POTS-CBBS50R1-W","Pot Sticker Pot sticker CBB Strawberry 50 ml R1 Wardah","2022-06-06 07:45:57","Confirmed","","5","Confirmed"
"POTS-PPS1720REV-P","POTS-PPS1720REV-P","Pot Sticker Pustraite Platinum Rev-1 720 ml Putri","2022-06-06 07:46:01","Confirmed","","5","Confirmed"
"POTS-CBRSN_L240-P","POTS-CBRSN_L240-P","Pot Sticker Rich Spa 240 ml Putri","2022-06-06 07:46:19","Confirmed","","5","Confirmed"
"POTS-SBSO150WRP-W","POTS-SBSO150WRP-W","Pot Sticker Soft Body Scrub Olive 150 ml Wardah","2022-06-06 07:46:28","Confirmed","","5","Confirmed"
"POTS-SBSO240WRP-W","POTS-SBSO240WRP-W","Pot Sticker Soft Body Scrub Olive 240 ml Wardah","2022-06-06 07:46:31","Confirmed","","5","Confirmed"
"POTS-SBSPF150WR-W","POTS-SBSPF150WR-W","Pot Sticker Soft Body Scrub Passion Fruit 150 ml Wardah","2022-06-06 07:46:33","Confirmed","","5","Confirmed"
"POTS-SSN500-IX","POTS-SSN500-IX","Pot Sticker Staylast Straight Neutralizer 500 ml IX","2022-06-06 07:46:36","Confirmed","","5","Confirmed"
"POTS-BBST150-W","POTS-BBST150-W","Pot Sticker Strawberry Body Butter 150 ml Elm.wardah","2022-06-06 07:46:49","Confirmed","","5","Confirmed"
"POTP-CBC720REV1-P","POTP-CBC720REV1-P","Pot print-labeling Creambath Cundlenut 720 ml Revi Putri (Pc(s))","2022-06-06 07:47:27","Confirmed","","5","Confirmed"
"POTP-HMSPA720N_-P","POTP-HMSPA720N_-P","Pot print-labeling Hair Mask SPA 720 ml New Look Putri (Pc(s))","2022-06-06 07:47:33","Confirmed","","5","Confirmed"
"POTP-PP720REV1-P","POTP-PP720REV1-P","Pot print-labeling Pustreite Platinum 720 ml Revis Putri (Pc(s))","2022-06-06 07:47:46","Confirmed","","5","Confirmed"
"POTS-BSK100-EM","POTS-BSK100-EM","Pot sticker Body Scrub Kiwi 100 ml Emina (Pc(s))","2022-06-06 07:47:52","Confirmed","","5","Confirmed"
"POTS-BSCP100R0-EM","POTS-BSCP100R0-EM","Pot sticker Body Scrub Pineapple 100 E (Pc(S))","2022-06-06 07:47:55","Confirmed","","5","Confirmed"
"POTS-BSCW100R0-EM","POTS-BSCW100R0-EM","Pot sticker Body Scrub Watermelon 100 E (Pc(s))","2022-06-06 07:47:58","Confirmed","","5","Confirmed"
"POTS-HMP240N_L-P","POTS-HMP240N_L-P","Pot sticker Hair mask Platinum 240 ml New Look Putri (Pc(s))","2022-06-06 07:48:43","Confirmed","","5","Confirmed"
"POTS-HMSPA240N_-P","POTS-HMSPA240N_-P","Pot sticker Hair mask Spa 240 ml New Look Putri (Pc(s))","2022-06-06 07:48:48","Confirmed","","5","Confirmed"
"WARN-C43001-01BULK","WARN-C43001-01BULK","Pst Warna C43-001","2022-06-06 07:57:53","Confirmed","","5","Confirmed"
"WARN-TE-0BULK","WARN-TE-0BULK","Pst Warna Tudor Eboni","2022-06-06 07:57:56","Confirmed","","5","Confirmed"
"WARN-TE--PBULK","WARN-TE--PBULK","Stok warna Tudor Eboni -PowderBULK","2022-06-06 13:22:40","Confirmed","","5","Confirmed"
"TUBC-LLF01-W","TUBC-LLF01-W","Tube Capped LLF 01 W","2022-06-06 13:42:49","Confirmed","","3","Draft"
"TUBF-UVSSG30-W","TUBF-UVSSG30-W","Tube FIlliing UVSE Sunscreen Gel SPF 30 W","2022-03-31 13:14:54","Waiting for Approval","","0","Draft"
"TUBF-LSA8-W","TUBF-LSA8-W","Tube FIlling Lightening Serum Ampoule 8 W","2022-03-31 13:14:54","Waiting for Approval","","0","Draft"
"TUBF-NFSPBCFBO-W","TUBF-NFSPBCFBO-W","Tube Filling NFS PBCFB Oil Control 15 W","2022-06-06 13:46:02","Confirmed","","5","Confirmed"
"TUBF-NFSPBCFBS-W","TUBF-NFSPBCFBS-W","Tube Filling NFS PBCFB Smoothing 15 W","2022-06-06 13:46:05","Confirmed","","5","Confirmed"
"TUBS-AJFS60-EM","TUBS-AJFS60-EM","Tube Sticker AJFS EM","2022-06-06 14:04:27","Confirmed","","3","Confirmed"
"TUBS-AASG15-WM","TUBS-AASG15-WM","Tube Sticker Acnederm Acne Spot Gel 15 WM","2022-06-06 14:04:31","Confirmed","","3","Confirmed"
"TUBS-APFC60R1-WM","TUBS-APFC60R1-WM","Tube Sticker Acnederm Pure Foaming Cleanser 60 R1 WM","2022-06-06 14:04:36","Confirmed","","3","Confirmed"
"TUBS-APFC60-WM","TUBS-APFC60-WM","Tube Sticker Acnederm Pure Foaming Cleanser 60 WM","2022-06-06 14:04:39","Confirmed","","5","Confirmed"
"TUBS-AHFW100-WM","TUBS-AHFW100-WM","Tube Sticker Aloe Hydramild Facial Wash 100 WM","2022-06-06 14:04:46","Confirmed","","3","Confirmed"
"TUBS-AVG-EM","TUBS-AVG-EM","Tube Sticker Aloe Vera Gel 60 EM","2022-06-06 14:04:49","Confirmed","","3","Confirmed"
"TUBS-AHFMR0-EM","TUBS-AHFMR0-EM","Tube Sticker Avocado Honey Face Mask E (Pc(s))","2022-06-06 14:04:52","Confirmed","","5","Confirmed"
"TUBS-BSAPFW100-EM","TUBS-BSAPFW100-EM","Tube Sticker BS APFW 100 EM","2022-06-06 14:04:55","Confirmed","","3","Confirmed"
"TUBS-BSFW100-EM","TUBS-BSFW100-EM","Tube Sticker BSFW 100 EM","2022-06-06 14:04:58","Confirmed","","3","Confirmed"
"TUBS-BBBBC20NR0-E","TUBS-BBBBC20NR0-E","Tube Sticker Beauty Bliss BB Cream Natural E","2022-06-06 14:05:02","Confirmed","","3","Confirmed"
"TUBS-BSTUC20R0-E","TUBS-BSTUC20R0-E","Tube Sticker Bright Stuff Tone Up Cream 20 R0 E","2022-06-06 14:05:05","Confirmed","","3","Confirmed"
"TUBS-CDECW100R1-WM","TUBS-CDECW100R1-WM","Tube Sticker C-Defense Energizing Creamy Wash 100 R1 WM","2022-06-06 14:05:09","Confirmed","","3","Confirmed"
"TUBS-CDECW100-WM","TUBS-CDECW100-WM","Tube Sticker C-Defense Energizing Creamy Wash 100 WM","2022-06-06 14:05:13","Confirmed","","3","Confirmed"
"TUBS-CDEWF100R1-WM","TUBS-CDEWF100R1-WM","Tube Sticker CDE Whip Foam 100 R1 WM","2022-06-06 14:05:16","Confirmed","","3","Confirmed"
"TUBS-CDEWF100-WM","TUBS-CDEWF100-WM","Tube Sticker CDE Whip Foam 100 WM","2022-06-06 14:05:19","Confirmed","","3","Confirmed"
"TUBS-CMB-EM","TUBS-CMB-EM","Tube Sticker Clay Mask Brightening 60 EM","2022-06-06 14:05:22","Confirmed","","3","Confirmed"
"TUBS-CMSC-EM","TUBS-CMSC-EM","Tube Sticker Clay Mask Sebum Control 60 EM","2022-06-06 14:05:26","Confirmed","","3","Confirmed"
"TUBS-CMSS-EM","TUBS-CMSS-EM","Tube Sticker Clay Mask Soothe & Smooth 60 EM","2022-06-06 14:05:29","Confirmed","","3","Confirmed"
"TUBS-HRFC100R0-WM","TUBS-HRFC100R0-WM","Tube Sticker H Rose Gel to Foam Cleanser 100 WM","2022-06-06 14:05:37","Confirmed","","3","Confirmed"
"TUBS-LBCM50-WM","TUBS-LBCM50-WM","Tube Sticker Lightening Blue Clay Mask 50 PBL WM","2022-06-06 14:05:40","Confirmed","","3","Confirmed"
"TUBS-LBCM50R0-W","TUBS-LBCM50R0-W","Tube Sticker Lightening Blue Clay Mask W","2022-06-06 14:05:43","Confirmed","","5","Confirmed"
"TUBS-LGE50R1-WM","TUBS-LGE50R1-WM","Tube Sticker Lightening Gentle Exfoliator R1 WM","2022-06-06 14:05:46","Confirmed","","3","Confirmed"
"TUBS-LGE50-WM","TUBS-LGE50-WM","Tube Sticker Lightening Gentle Exfoliator WM","2022-06-06 14:05:50","Confirmed","","3","Confirmed"
"TUBS-LMGW100R1-WM","TUBS-LMGW100R1-WM","Tube Sticker Lightening Micellar Gentle Wash 100 R1 WM","2022-06-06 14:05:53","Confirmed","","3","Confirmed"
"TUBS-LMGW100-WM","TUBS-LMGW100-WM","Tube Sticker Lightening Micellar Gentle Wash 100 WM","2022-06-06 14:05:56","Confirmed","","3","Confirmed"
"TUBS-LWFF100-WM","TUBS-LWFF100-WM","Tube Sticker Lightening Whip Facial Foam 100 WM","2022-06-06 14:05:59","Confirmed","","3","Confirmed"
"TUBS-MPASFW-EM","TUBS-MPASFW-EM","Tube Sticker Ms. Pimple AS Face Wash 50 EM","2022-06-06 14:06:02","Confirmed","","3","Confirmed"
"TUBS-NDAHFW60-W","TUBS-NDAHFW60-W","Tube Sticker ND Aloe Hydramild Facial Wash 60 W","2022-06-06 14:06:05","Confirmed","","5","Confirmed"
"TUBS-NDSBFW60-WM","TUBS-NDSBFW60-WM","Tube Sticker ND Seaweed Balancing Facial Wash 60 WM","2022-06-06 14:06:08","Confirmed","","3","Confirmed"
"TUBS-PBCFLOC100-WM","TUBS-PBCFLOC100-WM","Tube Sticker PBCF Brightening Oil Control 100 WM","2022-06-06 14:06:11","Confirmed","","3","Confirmed"
"TUBS-PBCFLS100R1-WM","TUBS-PBCFLS100R1-WM","Tube Sticker PBCF Brightening Smoothing 100 R1 WM","2022-06-06 14:06:14","Confirmed","","3","Confirmed"
"TUBS-PBCFLS100-WM","TUBS-PBCFLS100-WM","Tube Sticker PBCF Brightening Smoothing 100 WM","2022-06-06 14:06:21","Confirmed","","3","Confirmed"
"TUBS-PBCFBS100-WM","TUBS-PBCFBS100-WM","Tube Sticker PBCF Brightening Smoothing 100 WM","2022-06-06 14:06:17","Confirmed","","5","Confirmed"
"TUBS-PBCFBS60-W","TUBS-PBCFBS60-W","Tube Sticker PBCF Brightening Smoothing 60 W","2022-06-06 14:06:24","Confirmed","","5","Confirmed"
"TUBS-RYAAFW100-WM","TUBS-RYAAFW100-WM","Tube Sticker Renew You Anti Aging Facial Wash 100 WM","2022-06-06 14:06:33","Confirmed","","5","Confirmed"
"TUBS-RYAADC17R0-W","TUBS-RYAADC17R0-W","Tube Sticker Renew You DC 17 W","2022-06-06 14:06:35","Confirmed","","5","Confirmed"
"TUBS-RYAANC17R0-W","TUBS-RYAANC17R0-W","Tube Sticker Renew You NC 17 W","2022-06-06 14:06:39","Confirmed","","5","Confirmed"
"TUBS-SBBUFW-EM","TUBS-SBBUFW-EM","Tube Sticker SB Bubble Up FW EM","2022-06-06 14:06:42","Confirmed","","3","Confirmed"
"TUBS-SBDBFW-EM","TUBS-SBDBFW-EM","Tube Sticker SB Dot Burst FW EM","2022-06-06 14:06:46","Confirmed","","3","Confirmed"
"DUSS-HCDL1R0-MOIPS","DUSS-HCDL1R0-MOIPS","Unit Box+Sticker HLCS Duo Light 1 MO","2022-06-06 14:16:14","Confirmed","","5","Confirmed"
"DUSS-HCDL2R0-MOIPS","DUSS-HCDL2R0-MOIPS","Unit Box+Sticker HLCS Duo Light 2 MO","2022-06-06 14:16:17","Confirmed","","5","Confirmed"
"DUSS-HCDLSR0-MOIPS","DUSS-HCDLSR0-MOIPS","Unit Box+Sticker HLCS Duo Light Shimmer MO","2022-06-06 14:16:20","Confirmed","","5","Confirmed"
"DUSS-HCDLMR0-MOIPS","DUSS-HCDLMR0-MOIPS","Unit Box+Sticker HLCS Duo Light to Medium MO","2022-06-06 14:16:23","Confirmed","","5","Confirmed"
"DUSS-HCDMER0-MOIPS","DUSS-HCDMER0-MOIPS","Unit Box+Sticker HLCS Duo Medium MO","2022-06-06 14:16:26","Confirmed","","5","Confirmed"
"DUSS-HCDMDR0-MOIPS","DUSS-HCDMDR0-MOIPS","Unit Box+Sticker HLCS Duo Medium to Dark MO","2022-06-06 14:16:28","Confirmed","","5","Confirmed"
"LAR-BE-BULK","LAR-BE-BULK","Warna Blue Water","2022-06-06 16:46:01","Confirmed","","5","Confirmed"
"WARN-H3AS-BULK","WARN-H3AS-BULK","Warna Hitam 3 AS Bulk","2022-06-06 16:46:28","Confirmed","","5","Confirmed"
"WARN-K-BULK","WARN-K-BULK","Warna Kuning Bulk (Kg)","2022-06-06 16:46:31","Confirmed","","5","Confirmed"
"WARN-LT--BULK","WARN-LT--BULK","Warna Lemon Top","2022-06-06 16:46:34","Confirmed","","5","Confirmed"
"WARN-C19011-02BULK","WARN-C19011-02BULK","Warna Monokrom C19-011","2022-06-06 16:46:40","Confirmed","","5","Confirmed"
"WARN-C19012-02BULK","WARN-C19012-02BULK","Warna Monokrom C19-012","2022-06-06 16:46:43","Confirmed","","5","Confirmed"
"WARN-C33-5138-BULK","WARN-C33-5138-BULK","Warna Monokrom C33-5138","2022-06-06 16:46:46","Confirmed","","5","Confirmed"
"WARN-C338-01BULK","WARN-C338-01BULK","Warna Monokrom C33-8073 Bulk","2022-06-06 16:46:49","Confirmed","","5","Confirmed"
"WARN-COGO-02BULK","WARN-COGO-02BULK","Warna Monokrom Cogilor Ochr","2022-06-06 16:46:55","Confirmed","","5","Confirmed"
"WARN-TI---MKR","WARN-TI---MKR","Warna Monokrom Titan","2022-06-06 16:46:58","Confirmed","","5","Confirmed"
"LAR-LTE-BULK","LAR-LTE-BULK","Warna Red Water","2022-06-06 16:47:09","Confirmed","","5","Confirmed"
"WARN-TI---COATED PST","WARN-TI---COATED PST","Warna Titan Coated pst (kg)","2022-06-06 16:47:12","Confirmed","","5","Confirmed"
